indicator,population,before_survey_year,after_survey_year,before_value,after_value,difference,input_unit,policy_period,before_verification,after_verification
digital_informatization_access,disabled,2021,2022,95.6,96.7,1.1,index_general_population_100,both_pre_policy,verified_primary_report,verified_primary_report
digital_informatization_access,disabled,2022,2023,96.7,98.0,1.3,index_general_population_100,both_pre_policy,verified_primary_report,verified_primary_report
digital_informatization_access,disabled,2023,2024,98.0,98.1,0.1,index_general_population_100,both_pre_policy,verified_primary_report,verified_primary_report
digital_informatization_access,disabled,2024,2025,98.1,98.1,0.0,index_general_population_100,both_pre_policy,verified_primary_report,verified_primary_report
digital_informatization_access,farmers_fishers,2021,2022,94.8,95.7,0.9,index_general_population_100,both_pre_policy,verified_primary_report,verified_primary_report
digital_informatization_access,farmers_fishers,2022,2023,95.7,97.0,1.3,index_general_population_100,both_pre_policy,verified_primary_report,verified_primary_report
digital_informatization_access,farmers_fishers,2023,2024,97.0,97.0,0.0,index_general_population_100,both_pre_policy,verified_primary_report,verified_primary_report
digital_informatization_access,farmers_fishers,2024,2025,97.0,97.2,0.2,index_general_population_100,both_pre_policy,verified_primary_report,verified_primary_report
digital_informatization_access,low_income,2021,2022,98.7,99.5,0.8,index_general_population_100,both_pre_policy,verified_primary_report,verified_primary_report
digital_informatization_access,low_income,2022,2023,99.5,99.6,0.1,index_general_population_100,both_pre_policy,verified_primary_report,verified_primary_report
digital_informatization_access,low_income,2023,2024,99.6,99.8,0.2,index_general_population_100,both_pre_policy,verified_primary_report,verified_primary_report
digital_informatization_access,low_income,2024,2025,99.8,99.8,0.0,index_general_population_100,both_pre_policy,verified_primary_report,verified_primary_report
digital_informatization_access,older_adults,2021,2022,93.1,95.1,2.0,index_general_population_100,both_pre_policy,verified_primary_report,verified_primary_report
digital_informatization_access,older_adults,2022,2023,95.1,95.3,0.2,index_general_population_100,both_pre_policy,verified_primary_report,verified_primary_report
digital_informatization_access,older_adults,2023,2024,95.3,95.3,0.0,index_general_population_100,both_pre_policy,verified_primary_report,verified_primary_report
digital_informatization_access,older_adults,2024,2025,95.3,95.4,0.1,index_general_population_100,both_pre_policy,verified_primary_report,verified_primary_report
digital_informatization_access,vulnerable_weighted,2021,2022,94.4,96.0,1.6,index_general_population_100,both_pre_policy,verified_primary_report,verified_primary_report
digital_informatization_access,vulnerable_weighted,2022,2023,96.0,96.5,0.5,index_general_population_100,both_pre_policy,verified_primary_report,verified_primary_report
digital_informatization_access,vulnerable_weighted,2023,2024,96.5,96.5,0.0,index_general_population_100,both_pre_policy,verified_primary_report,verified_primary_report
digital_informatization_access,vulnerable_weighted,2024,2025,96.5,96.6,0.1,index_general_population_100,both_pre_policy,verified_primary_report,verified_primary_report
digital_informatization_capability,disabled,2021,2022,74.9,75.2,0.3,index_general_population_100,both_pre_policy,verified_primary_report,verified_primary_report
digital_informatization_capability,disabled,2022,2023,75.2,75.6,0.4,index_general_population_100,both_pre_policy,verified_primary_report,verified_primary_report
digital_informatization_capability,disabled,2023,2024,75.6,76.1,0.5,index_general_population_100,both_pre_policy,verified_primary_report,verified_primary_report
digital_informatization_capability,disabled,2024,2025,76.1,77.0,0.9,index_general_population_100,both_pre_policy,verified_primary_report,verified_primary_report
digital_informatization_capability,farmers_fishers,2021,2022,69.6,70.6,1.0,index_general_population_100,both_pre_policy,verified_primary_report,verified_primary_report
digital_informatization_capability,farmers_fishers,2022,2023,70.6,71.0,0.4,index_general_population_100,both_pre_policy,verified_primary_report,verified_primary_report
digital_informatization_capability,farmers_fishers,2023,2024,71.0,71.8,0.8,index_general_population_100,both_pre_policy,verified_primary_report,verified_primary_report
digital_informatization_capability,farmers_fishers,2024,2025,71.8,72.4,0.6,index_general_population_100,both_pre_policy,verified_primary_report,verified_primary_report
digital_informatization_capability,low_income,2021,2022,92.9,92.9,0.0,index_general_population_100,both_pre_policy,verified_primary_report,verified_primary_report
digital_informatization_capability,low_income,2022,2023,92.9,93.0,0.1,index_general_population_100,both_pre_policy,verified_primary_report,verified_primary_report
digital_informatization_capability,low_income,2023,2024,93.0,93.3,0.3,index_general_population_100,both_pre_policy,verified_primary_report,verified_primary_report
digital_informatization_capability,low_income,2024,2025,93.3,94.1,0.8,index_general_population_100,both_pre_policy,verified_primary_report,verified_primary_report
digital_informatization_capability,older_adults,2021,2022,53.9,54.5,0.6,index_general_population_100,both_pre_policy,verified_primary_report,verified_primary_report
digital_informatization_capability,older_adults,2022,2023,54.5,55.3,0.8,index_general_population_100,both_pre_policy,verified_primary_report,verified_primary_report
digital_informatization_capability,older_adults,2023,2024,55.3,55.9,0.6,index_general_population_100,both_pre_policy,verified_primary_report,verified_primary_report
digital_informatization_capability,older_adults,2024,2025,55.9,56.2,0.3,index_general_population_100,both_pre_policy,verified_primary_report,verified_primary_report
digital_informatization_capability,vulnerable_weighted,2021,2022,63.8,64.5,0.7,index_general_population_100,both_pre_policy,verified_primary_report,verified_primary_report
digital_informatization_capability,vulnerable_weighted,2022,2023,64.5,65.1,0.6,index_general_population_100,both_pre_policy,verified_primary_report,verified_primary_report
digital_informatization_capability,vulnerable_weighted,2023,2024,65.1,65.6,0.5,index_general_population_100,both_pre_policy,verified_primary_report,verified_primary_report
digital_informatization_capability,vulnerable_weighted,2024,2025,65.6,65.9,0.3,index_general_population_100,both_pre_policy,verified_primary_report,verified_primary_report
digital_informatization_overall,disabled,2021,2022,81.7,82.2,0.5,index_general_population_100,both_pre_policy,verified_primary_report,verified_primary_report
digital_informatization_overall,disabled,2022,2023,82.2,82.8,0.6,index_general_population_100,both_pre_policy,verified_primary_report,verified_primary_report
digital_informatization_overall,disabled,2023,2024,82.8,83.5,0.7,index_general_population_100,both_pre_policy,verified_primary_report,verified_primary_report
digital_informatization_overall,disabled,2024,2025,83.5,84.1,0.6,index_general_population_100,both_pre_policy,verified_primary_report,verified_primary_report
digital_informatization_overall,farmers_fishers,2021,2022,78.1,78.9,0.8,index_general_population_100,both_pre_policy,verified_primary_report,verified_primary_report
digital_informatization_overall,farmers_fishers,2022,2023,78.9,79.5,0.6,index_general_population_100,both_pre_policy,verified_primary_report,verified_primary_report
digital_informatization_overall,farmers_fishers,2023,2024,79.5,80.0,0.5,index_general_population_100,both_pre_policy,verified_primary_report,verified_primary_report
digital_informatization_overall,farmers_fishers,2024,2025,80.0,80.6,0.6,index_general_population_100,both_pre_policy,verified_primary_report,verified_primary_report
digital_informatization_overall,low_income,2021,2022,95.4,95.6,0.2,index_general_population_100,both_pre_policy,verified_primary_report,verified_primary_report
digital_informatization_overall,low_income,2022,2023,95.6,96.1,0.5,index_general_population_100,both_pre_policy,verified_primary_report,verified_primary_report
digital_informatization_overall,low_income,2023,2024,96.1,96.5,0.4,index_general_population_100,both_pre_policy,verified_primary_report,verified_primary_report
digital_informatization_overall,low_income,2024,2025,96.5,97.0,0.5,index_general_population_100,both_pre_policy,verified_primary_report,verified_primary_report
digital_informatization_overall,older_adults,2021,2022,69.1,69.9,0.8,index_general_population_100,both_pre_policy,verified_primary_report,verified_primary_report
digital_informatization_overall,older_adults,2022,2023,69.9,70.7,0.8,index_general_population_100,both_pre_policy,verified_primary_report,verified_primary_report
digital_informatization_overall,older_adults,2023,2024,70.7,71.4,0.7,index_general_population_100,both_pre_policy,verified_primary_report,verified_primary_report
digital_informatization_overall,older_adults,2024,2025,71.4,71.8,0.4,index_general_population_100,both_pre_policy,verified_primary_report,verified_primary_report
digital_informatization_overall,vulnerable_weighted,2021,2022,75.4,76.2,0.8,index_general_population_100,both_pre_policy,verified_primary_report,verified_primary_report
digital_informatization_overall,vulnerable_weighted,2022,2023,76.2,76.9,0.7,index_general_population_100,both_pre_policy,verified_primary_report,verified_primary_report
digital_informatization_overall,vulnerable_weighted,2023,2024,76.9,77.5,0.6,index_general_population_100,both_pre_policy,verified_primary_report,verified_primary_report
digital_informatization_overall,vulnerable_weighted,2024,2025,77.5,77.9,0.4,index_general_population_100,both_pre_policy,verified_primary_report,verified_primary_report
digital_informatization_utilization,disabled,2021,2022,81.5,82.0,0.5,index_general_population_100,both_pre_policy,verified_primary_report,verified_primary_report
digital_informatization_utilization,disabled,2022,2023,82.0,82.5,0.5,index_general_population_100,both_pre_policy,verified_primary_report,verified_primary_report
digital_informatization_utilization,disabled,2023,2024,82.5,83.7,1.2,index_general_population_100,both_pre_policy,verified_primary_report,verified_primary_report
digital_informatization_utilization,disabled,2024,2025,83.7,84.3,0.6,index_general_population_100,both_pre_policy,verified_primary_report,verified_primary_report
digital_informatization_utilization,farmers_fishers,2021,2022,78.1,78.8,0.7,index_general_population_100,both_pre_policy,verified_primary_report,verified_primary_report
digital_informatization_utilization,farmers_fishers,2022,2023,78.8,79.2,0.4,index_general_population_100,both_pre_policy,verified_primary_report,verified_primary_report
digital_informatization_utilization,farmers_fishers,2023,2024,79.2,79.6,0.4,index_general_population_100,both_pre_policy,verified_primary_report,verified_primary_report
digital_informatization_utilization,farmers_fishers,2024,2025,79.6,80.5,0.9,index_general_population_100,both_pre_policy,verified_primary_report,verified_primary_report
digital_informatization_utilization,low_income,2021,2022,96.3,96.4,0.1,index_general_population_100,both_pre_policy,verified_primary_report,verified_primary_report
digital_informatization_utilization,low_income,2022,2023,96.4,97.4,1.0,index_general_population_100,both_pre_policy,verified_primary_report,verified_primary_report
digital_informatization_utilization,low_income,2023,2024,97.4,98.0,0.6,index_general_population_100,both_pre_policy,verified_primary_report,verified_primary_report
digital_informatization_utilization,low_income,2024,2025,98.0,98.5,0.5,index_general_population_100,both_pre_policy,verified_primary_report,verified_primary_report
digital_informatization_utilization,older_adults,2021,2022,72.3,72.6,0.3,index_general_population_100,both_pre_policy,verified_primary_report,verified_primary_report
digital_informatization_utilization,older_adults,2022,2023,72.6,73.8,1.2,index_general_population_100,both_pre_policy,verified_primary_report,verified_primary_report
digital_informatization_utilization,older_adults,2023,2024,73.8,75.0,1.2,index_general_population_100,both_pre_policy,verified_primary_report,verified_primary_report
digital_informatization_utilization,older_adults,2024,2025,75.0,75.6,0.6,index_general_population_100,both_pre_policy,verified_primary_report,verified_primary_report
digital_informatization_utilization,vulnerable_weighted,2021,2022,77.6,78.0,0.4,index_general_population_100,both_pre_policy,verified_primary_report,verified_primary_report
digital_informatization_utilization,vulnerable_weighted,2022,2023,78.0,79.0,1.0,index_general_population_100,both_pre_policy,verified_primary_report,verified_primary_report
digital_informatization_utilization,vulnerable_weighted,2023,2024,79.0,80.0,1.0,index_general_population_100,both_pre_policy,verified_primary_report,verified_primary_report
digital_informatization_utilization,vulnerable_weighted,2024,2025,80.0,80.5,0.5,index_general_population_100,both_pre_policy,verified_primary_report,verified_primary_report
web_accessibility_score,private_websites_8_industries,2019,2020,53.7,60.7,7.0,score_0_100,both_pre_policy,verified_primary_press_release,verified_primary_press_release
web_accessibility_score,private_websites_8_industries,2020,2021,60.7,60.8,0.1,score_0_100,both_pre_policy,verified_primary_press_release,verified_primary_press_release
web_accessibility_score,private_websites_8_industries,2021,2022,60.8,60.9,0.1,score_0_100,both_pre_policy,verified_primary_press_release,verified_primary_press_release
web_accessibility_score,private_websites_8_industries,2022,2023,60.9,65.8,4.9,score_0_100,both_pre_policy,verified_primary_press_release,verified_primary_press_release
web_accessibility_score,private_websites_8_industries,2023,2024,65.8,66.7,0.9,score_0_100,both_pre_policy,verified_primary_press_release,verified_primary_press_release
web_accessibility_score,private_websites_8_industries,2024,2025,66.7,70.4,3.7,score_0_100,both_pre_policy,verified_primary_press_release,verified_primary_press_release
