indicator,population,population_label,unit,before_year,after_year,before_value,after_value,change_index_points
digital_informatization_access,disabled,장애인,index_general_population_100,2016,2017,88.1,91.6,3.5
digital_informatization_access,disabled,장애인,index_general_population_100,2017,2018,91.6,92,0.4
digital_informatization_access,disabled,장애인,index_general_population_100,2018,2019,92,92.6,0.6
digital_informatization_access,disabled,장애인,index_general_population_100,2019,2020,92.6,95.4,2.8
digital_informatization_access,disabled,장애인,index_general_population_100,2020,2021,95.4,95.6,0.2
digital_informatization_access,disabled,장애인,index_general_population_100,2021,2022,95.6,96.7,1.1
digital_informatization_access,disabled,장애인,index_general_population_100,2022,2023,96.7,98,1.3
digital_informatization_access,disabled,장애인,index_general_population_100,2023,2024,98,98.1,0.1
digital_informatization_access,disabled,장애인,index_general_population_100,2024,2025,98.1,98.1,0
digital_informatization_access,farmers_fishers,농어민,index_general_population_100,2016,2017,84.8,90.4,5.6
digital_informatization_access,farmers_fishers,농어민,index_general_population_100,2017,2018,90.4,91,0.6
digital_informatization_access,farmers_fishers,농어민,index_general_population_100,2018,2019,91,91.3,0.3
digital_informatization_access,farmers_fishers,농어민,index_general_population_100,2019,2020,91.3,94.8,3.5
digital_informatization_access,farmers_fishers,농어민,index_general_population_100,2020,2021,94.8,94.9,0.1
digital_informatization_access,farmers_fishers,농어민,index_general_population_100,2021,2022,94.9,95.7,0.8
digital_informatization_access,farmers_fishers,농어민,index_general_population_100,2022,2023,95.7,97,1.3
digital_informatization_access,farmers_fishers,농어민,index_general_population_100,2023,2024,97,97,0
digital_informatization_access,farmers_fishers,농어민,index_general_population_100,2024,2025,97,97.2,0.2
digital_informatization_access,low_income,저소득층,index_general_population_100,2016,2017,89.2,94.7,5.5
digital_informatization_access,low_income,저소득층,index_general_population_100,2017,2018,94.7,94.9,0.2
digital_informatization_access,low_income,저소득층,index_general_population_100,2018,2019,94.9,95.2,0.3
digital_informatization_access,low_income,저소득층,index_general_population_100,2019,2020,95.2,98.3,3.1
digital_informatization_access,low_income,저소득층,index_general_population_100,2020,2021,98.3,98.7,0.4
digital_informatization_access,low_income,저소득층,index_general_population_100,2021,2022,98.7,99.5,0.8
digital_informatization_access,low_income,저소득층,index_general_population_100,2022,2023,99.5,99.6,0.1
digital_informatization_access,low_income,저소득층,index_general_population_100,2023,2024,99.6,99.8,0.2
digital_informatization_access,low_income,저소득층,index_general_population_100,2024,2025,99.8,99.8,0
digital_informatization_access,older_adults,고령층,index_general_population_100,2016,2017,82.5,89.9,7.4
digital_informatization_access,older_adults,고령층,index_general_population_100,2017,2018,89.9,90.1,0.2
digital_informatization_access,older_adults,고령층,index_general_population_100,2018,2019,90.1,90.6,0.5
digital_informatization_access,older_adults,고령층,index_general_population_100,2019,2020,90.6,92.8,2.2
digital_informatization_access,older_adults,고령층,index_general_population_100,2020,2021,92.8,93.1,0.3
digital_informatization_access,older_adults,고령층,index_general_population_100,2021,2022,93.1,95.1,2
digital_informatization_access,older_adults,고령층,index_general_population_100,2022,2023,95.1,95.3,0.2
digital_informatization_access,older_adults,고령층,index_general_population_100,2023,2024,95.3,95.3,0
digital_informatization_access,older_adults,고령층,index_general_population_100,2024,2025,95.3,95.4,0.1
digital_informatization_access,vulnerable_weighted,취약계층 평균,index_general_population_100,2016,2017,84.5,91,6.5
digital_informatization_access,vulnerable_weighted,취약계층 평균,index_general_population_100,2017,2018,91,91.1,0.1
digital_informatization_access,vulnerable_weighted,취약계층 평균,index_general_population_100,2018,2019,91.1,91.7,0.6
digital_informatization_access,vulnerable_weighted,취약계층 평균,index_general_population_100,2019,2020,91.7,93.7,2
digital_informatization_access,vulnerable_weighted,취약계층 평균,index_general_population_100,2020,2021,93.7,94.4,0.7
digital_informatization_access,vulnerable_weighted,취약계층 평균,index_general_population_100,2021,2022,94.4,96,1.6
digital_informatization_access,vulnerable_weighted,취약계층 평균,index_general_population_100,2022,2023,96,96.5,0.5
digital_informatization_access,vulnerable_weighted,취약계층 평균,index_general_population_100,2023,2024,96.5,96.5,0
digital_informatization_access,vulnerable_weighted,취약계층 평균,index_general_population_100,2024,2025,96.5,96.6,0.1
digital_informatization_capability,disabled,장애인,index_general_population_100,2016,2017,49.8,57.7,7.9
digital_informatization_capability,disabled,장애인,index_general_population_100,2017,2018,57.7,66.9,9.2
digital_informatization_capability,disabled,장애인,index_general_population_100,2018,2019,66.9,67.8,0.9
digital_informatization_capability,disabled,장애인,index_general_population_100,2019,2020,67.8,74.2,6.4
digital_informatization_capability,disabled,장애인,index_general_population_100,2020,2021,74.2,74.9,0.7
digital_informatization_capability,disabled,장애인,index_general_population_100,2021,2022,74.9,75.2,0.3
digital_informatization_capability,disabled,장애인,index_general_population_100,2022,2023,75.2,75.6,0.4
digital_informatization_capability,disabled,장애인,index_general_population_100,2023,2024,75.6,76.1,0.5
digital_informatization_capability,disabled,장애인,index_general_population_100,2024,2025,76.1,77,0.9
digital_informatization_capability,farmers_fishers,농어민,index_general_population_100,2016,2017,46.2,53.4,7.2
digital_informatization_capability,farmers_fishers,농어민,index_general_population_100,2017,2018,53.4,63,9.6
digital_informatization_capability,farmers_fishers,농어민,index_general_population_100,2018,2019,63,63.6,0.6
digital_informatization_capability,farmers_fishers,농어민,index_general_population_100,2019,2020,63.6,69,5.4
digital_informatization_capability,farmers_fishers,농어민,index_general_population_100,2020,2021,69,69.6,0.6
digital_informatization_capability,farmers_fishers,농어민,index_general_population_100,2021,2022,69.6,70.6,1
digital_informatization_capability,farmers_fishers,농어민,index_general_population_100,2022,2023,70.6,71,0.4
digital_informatization_capability,farmers_fishers,농어민,index_general_population_100,2023,2024,71,71.8,0.8
digital_informatization_capability,farmers_fishers,농어민,index_general_population_100,2024,2025,71.8,72.4,0.6
digital_informatization_capability,low_income,저소득층,index_general_population_100,2016,2017,69.1,78.5,9.4
digital_informatization_capability,low_income,저소득층,index_general_population_100,2017,2018,78.5,85.3,6.8
digital_informatization_capability,low_income,저소득층,index_general_population_100,2018,2019,85.3,86.5,1.2
digital_informatization_capability,low_income,저소득층,index_general_population_100,2019,2020,86.5,92.5,6
digital_informatization_capability,low_income,저소득층,index_general_population_100,2020,2021,92.5,92.9,0.4
digital_informatization_capability,low_income,저소득층,index_general_population_100,2021,2022,92.9,92.9,0
digital_informatization_capability,low_income,저소득층,index_general_population_100,2022,2023,92.9,93,0.1
digital_informatization_capability,low_income,저소득층,index_general_population_100,2023,2024,93,93.3,0.3
digital_informatization_capability,low_income,저소득층,index_general_population_100,2024,2025,93.3,94.1,0.8
digital_informatization_capability,older_adults,고령층,index_general_population_100,2016,2017,34.9,41,6.1
digital_informatization_capability,older_adults,고령층,index_general_population_100,2017,2018,41,50,9
digital_informatization_capability,older_adults,고령층,index_general_population_100,2018,2019,50,51.6,1.6
digital_informatization_capability,older_adults,고령층,index_general_population_100,2019,2020,51.6,53.7,2.1
digital_informatization_capability,older_adults,고령층,index_general_population_100,2020,2021,53.7,53.9,0.2
digital_informatization_capability,older_adults,고령층,index_general_population_100,2021,2022,53.9,54.5,0.6
digital_informatization_capability,older_adults,고령층,index_general_population_100,2022,2023,54.5,55.3,0.8
digital_informatization_capability,older_adults,고령층,index_general_population_100,2023,2024,55.3,55.9,0.6
digital_informatization_capability,older_adults,고령층,index_general_population_100,2024,2025,55.9,56.2,0.3
digital_informatization_capability,vulnerable_weighted,취약계층 평균,index_general_population_100,2016,2017,45.2,51.9,6.7
digital_informatization_capability,vulnerable_weighted,취약계층 평균,index_general_population_100,2017,2018,51.9,59.1,7.2
digital_informatization_capability,vulnerable_weighted,취약계층 평균,index_general_population_100,2018,2019,59.1,60.2,1.1
digital_informatization_capability,vulnerable_weighted,취약계층 평균,index_general_population_100,2019,2020,60.2,60.3,0.1
digital_informatization_capability,vulnerable_weighted,취약계층 평균,index_general_population_100,2020,2021,60.3,63.8,3.5
digital_informatization_capability,vulnerable_weighted,취약계층 평균,index_general_population_100,2021,2022,63.8,64.5,0.7
digital_informatization_capability,vulnerable_weighted,취약계층 평균,index_general_population_100,2022,2023,64.5,65.1,0.6
digital_informatization_capability,vulnerable_weighted,취약계층 평균,index_general_population_100,2023,2024,65.1,65.6,0.5
digital_informatization_capability,vulnerable_weighted,취약계층 평균,index_general_population_100,2024,2025,65.6,65.9,0.3
digital_informatization_overall,disabled,장애인,index_general_population_100,2016,2017,65.4,70,4.6
digital_informatization_overall,disabled,장애인,index_general_population_100,2017,2018,70,74.6,4.6
digital_informatization_overall,disabled,장애인,index_general_population_100,2018,2019,74.6,75.2,0.6
digital_informatization_overall,disabled,장애인,index_general_population_100,2019,2020,75.2,81.3,6.1
digital_informatization_overall,disabled,장애인,index_general_population_100,2020,2021,81.3,81.7,0.4
digital_informatization_overall,disabled,장애인,index_general_population_100,2021,2022,81.7,82.2,0.5
digital_informatization_overall,disabled,장애인,index_general_population_100,2022,2023,82.2,82.8,0.6
digital_informatization_overall,disabled,장애인,index_general_population_100,2023,2024,82.8,83.5,0.7
digital_informatization_overall,disabled,장애인,index_general_population_100,2024,2025,83.5,84.1,0.6
digital_informatization_overall,farmers_fishers,농어민,index_general_population_100,2016,2017,61.1,64.8,3.7
digital_informatization_overall,farmers_fishers,농어민,index_general_population_100,2017,2018,64.8,69.8,5
digital_informatization_overall,farmers_fishers,농어민,index_general_population_100,2018,2019,69.8,70.6,0.8
digital_informatization_overall,farmers_fishers,농어민,index_general_population_100,2019,2020,70.6,77.3,6.7
digital_informatization_overall,farmers_fishers,농어민,index_general_population_100,2020,2021,77.3,78.1,0.8
digital_informatization_overall,farmers_fishers,농어민,index_general_population_100,2021,2022,78.1,78.9,0.8
digital_informatization_overall,farmers_fishers,농어민,index_general_population_100,2022,2023,78.9,79.5,0.6
digital_informatization_overall,farmers_fishers,농어민,index_general_population_100,2023,2024,79.5,80,0.5
digital_informatization_overall,farmers_fishers,농어민,index_general_population_100,2024,2025,80,80.6,0.6
digital_informatization_overall,low_income,저소득층,index_general_population_100,2016,2017,77.3,81.4,4.1
digital_informatization_overall,low_income,저소득층,index_general_population_100,2017,2018,81.4,86.8,5.4
digital_informatization_overall,low_income,저소득층,index_general_population_100,2018,2019,86.8,87.8,1
digital_informatization_overall,low_income,저소득층,index_general_population_100,2019,2020,87.8,95.1,7.3
digital_informatization_overall,low_income,저소득층,index_general_population_100,2020,2021,95.1,95.4,0.3
digital_informatization_overall,low_income,저소득층,index_general_population_100,2021,2022,95.4,95.6,0.2
digital_informatization_overall,low_income,저소득층,index_general_population_100,2022,2023,95.6,96.1,0.5
digital_informatization_overall,low_income,저소득층,index_general_population_100,2023,2024,96.1,96.5,0.4
digital_informatization_overall,low_income,저소득층,index_general_population_100,2024,2025,96.5,97,0.5
digital_informatization_overall,older_adults,고령층,index_general_population_100,2016,2017,54,58.3,4.3
digital_informatization_overall,older_adults,고령층,index_general_population_100,2017,2018,58.3,63.1,4.8
digital_informatization_overall,older_adults,고령층,index_general_population_100,2018,2019,63.1,64.3,1.2
digital_informatization_overall,older_adults,고령층,index_general_population_100,2019,2020,64.3,68.6,4.3
digital_informatization_overall,older_adults,고령층,index_general_population_100,2020,2021,68.6,69.1,0.5
digital_informatization_overall,older_adults,고령층,index_general_population_100,2021,2022,69.1,69.9,0.8
digital_informatization_overall,older_adults,고령층,index_general_population_100,2022,2023,69.9,70.7,0.8
digital_informatization_overall,older_adults,고령층,index_general_population_100,2023,2024,70.7,71.4,0.7
digital_informatization_overall,older_adults,고령층,index_general_population_100,2024,2025,71.4,71.8,0.4
digital_informatization_overall,vulnerable_weighted,취약계층 평균,index_general_population_100,2016,2017,58.6,65.1,6.5
digital_informatization_overall,vulnerable_weighted,취약계층 평균,index_general_population_100,2017,2018,65.1,68.9,3.8
digital_informatization_overall,vulnerable_weighted,취약계층 평균,index_general_population_100,2018,2019,68.9,69.9,1
digital_informatization_overall,vulnerable_weighted,취약계층 평균,index_general_population_100,2019,2020,69.9,72.7,2.8
digital_informatization_overall,vulnerable_weighted,취약계층 평균,index_general_population_100,2020,2021,72.7,75.4,2.7
digital_informatization_overall,vulnerable_weighted,취약계층 평균,index_general_population_100,2021,2022,75.4,76.2,0.8
digital_informatization_overall,vulnerable_weighted,취약계층 평균,index_general_population_100,2022,2023,76.2,76.9,0.7
digital_informatization_overall,vulnerable_weighted,취약계층 평균,index_general_population_100,2023,2024,76.9,77.5,0.6
digital_informatization_overall,vulnerable_weighted,취약계층 평균,index_general_population_100,2024,2025,77.5,77.9,0.4
digital_informatization_utilization,disabled,장애인,index_general_population_100,2016,2017,64.6,71.5,6.9
digital_informatization_utilization,disabled,장애인,index_general_population_100,2017,2018,71.5,73.6,2.1
digital_informatization_utilization,disabled,장애인,index_general_population_100,2018,2019,73.6,74,0.4
digital_informatization_utilization,disabled,장애인,index_general_population_100,2019,2020,74,81.4,7.4
digital_informatization_utilization,disabled,장애인,index_general_population_100,2020,2021,81.4,81.5,0.1
digital_informatization_utilization,disabled,장애인,index_general_population_100,2021,2022,81.5,82,0.5
digital_informatization_utilization,disabled,장애인,index_general_population_100,2022,2023,82,82.5,0.5
digital_informatization_utilization,disabled,장애인,index_general_population_100,2023,2024,82.5,83.7,1.2
digital_informatization_utilization,disabled,장애인,index_general_population_100,2024,2025,83.7,84.3,0.6
digital_informatization_utilization,farmers_fishers,농어민,index_general_population_100,2016,2017,59,63.3,4.3
digital_informatization_utilization,farmers_fishers,농어민,index_general_population_100,2017,2018,63.3,65.9,2.6
digital_informatization_utilization,farmers_fishers,농어민,index_general_population_100,2018,2019,65.9,67.2,1.3
digital_informatization_utilization,farmers_fishers,농어민,index_general_population_100,2019,2020,67.2,76.9,9.7
digital_informatization_utilization,farmers_fishers,농어민,index_general_population_100,2020,2021,76.9,78.1,1.2
digital_informatization_utilization,farmers_fishers,농어민,index_general_population_100,2021,2022,78.1,78.8,0.7
digital_informatization_utilization,farmers_fishers,농어민,index_general_population_100,2022,2023,78.8,79.2,0.4
digital_informatization_utilization,farmers_fishers,농어민,index_general_population_100,2023,2024,79.2,79.6,0.4
digital_informatization_utilization,farmers_fishers,농어민,index_general_population_100,2024,2025,79.6,80.5,0.9
digital_informatization_utilization,low_income,저소득층,index_general_population_100,2016,2017,76.9,77.7,0.8
digital_informatization_utilization,low_income,저소득층,index_general_population_100,2017,2018,77.7,84.3,6.6
digital_informatization_utilization,low_income,저소득층,index_general_population_100,2018,2019,84.3,85.4,1.1
digital_informatization_utilization,low_income,저소득층,index_general_population_100,2019,2020,85.4,96.1,10.7
digital_informatization_utilization,low_income,저소득층,index_general_population_100,2020,2021,96.1,96.3,0.2
digital_informatization_utilization,low_income,저소득층,index_general_population_100,2021,2022,96.3,96.4,0.1
digital_informatization_utilization,low_income,저소득층,index_general_population_100,2022,2023,96.4,97.4,1
digital_informatization_utilization,low_income,저소득층,index_general_population_100,2023,2024,97.4,98,0.6
digital_informatization_utilization,low_income,저소득층,index_general_population_100,2024,2025,98,98.5,0.5
digital_informatization_utilization,older_adults,고령층,index_general_population_100,2016,2017,52.2,59.9,7.7
digital_informatization_utilization,older_adults,고령층,index_general_population_100,2017,2018,59.9,62.8,2.9
digital_informatization_utilization,older_adults,고령층,index_general_population_100,2018,2019,62.8,63.9,1.1
digital_informatization_utilization,older_adults,고령층,index_general_population_100,2019,2020,63.9,71.4,7.5
digital_informatization_utilization,older_adults,고령층,index_general_population_100,2020,2021,71.4,72.3,0.9
digital_informatization_utilization,older_adults,고령층,index_general_population_100,2021,2022,72.3,72.6,0.3
digital_informatization_utilization,older_adults,고령층,index_general_population_100,2022,2023,72.6,73.8,1.2
digital_informatization_utilization,older_adults,고령층,index_general_population_100,2023,2024,73.8,75,1.2
digital_informatization_utilization,older_adults,고령층,index_general_population_100,2024,2025,75,75.6,0.6
digital_informatization_utilization,vulnerable_weighted,취약계층 평균,index_general_population_100,2016,2017,59,65.3,6.3
digital_informatization_utilization,vulnerable_weighted,취약계층 평균,index_general_population_100,2017,2018,65.3,67.7,2.4
digital_informatization_utilization,vulnerable_weighted,취약계층 평균,index_general_population_100,2018,2019,67.7,68.8,1.1
digital_informatization_utilization,vulnerable_weighted,취약계층 평균,index_general_population_100,2019,2020,68.8,74.8,6
digital_informatization_utilization,vulnerable_weighted,취약계층 평균,index_general_population_100,2020,2021,74.8,77.6,2.8
digital_informatization_utilization,vulnerable_weighted,취약계층 평균,index_general_population_100,2021,2022,77.6,78,0.4
digital_informatization_utilization,vulnerable_weighted,취약계층 평균,index_general_population_100,2022,2023,78,79,1
digital_informatization_utilization,vulnerable_weighted,취약계층 평균,index_general_population_100,2023,2024,79,80,1
digital_informatization_utilization,vulnerable_weighted,취약계층 평균,index_general_population_100,2024,2025,80,80.5,0.5
