indicator,population,population_label,unit,first_year,last_year,rows,numeric_rows,missing_years,nonnumeric_years
digital_informatization_access,disabled,장애인,index_general_population_100,2014,2025,12,12,,
digital_informatization_access,farmers_fishers,농어민,index_general_population_100,2014,2025,12,12,,
digital_informatization_access,low_income,저소득층,index_general_population_100,2014,2025,12,12,,
digital_informatization_access,older_adults,고령층,index_general_population_100,2014,2025,12,12,,
digital_informatization_access,vulnerable_weighted,취약계층 평균,index_general_population_100,2014,2025,12,12,,
digital_informatization_capability,disabled,장애인,index_general_population_100,2014,2025,12,12,,
digital_informatization_capability,farmers_fishers,농어민,index_general_population_100,2014,2025,12,12,,
digital_informatization_capability,low_income,저소득층,index_general_population_100,2014,2025,12,12,,
digital_informatization_capability,older_adults,고령층,index_general_population_100,2014,2025,12,12,,
digital_informatization_capability,vulnerable_weighted,취약계층 평균,index_general_population_100,2014,2025,12,12,,
digital_informatization_overall,disabled,장애인,index_general_population_100,2014,2025,12,12,,
digital_informatization_overall,farmers_fishers,농어민,index_general_population_100,2014,2025,12,12,,
digital_informatization_overall,low_income,저소득층,index_general_population_100,2014,2025,12,12,,
digital_informatization_overall,older_adults,고령층,index_general_population_100,2014,2025,12,12,,
digital_informatization_overall,vulnerable_weighted,취약계층 평균,index_general_population_100,2014,2025,12,12,,
digital_informatization_utilization,disabled,장애인,index_general_population_100,2014,2025,12,12,,
digital_informatization_utilization,farmers_fishers,농어민,index_general_population_100,2014,2025,12,12,,
digital_informatization_utilization,low_income,저소득층,index_general_population_100,2014,2025,12,12,,
digital_informatization_utilization,older_adults,고령층,index_general_population_100,2014,2025,12,12,,
digital_informatization_utilization,vulnerable_weighted,취약계층 평균,index_general_population_100,2014,2025,12,12,,
