indicator,population,survey_year,report_value,api_raw_value,api_value,api_minus_report_index_points,status,report_source_url,report_source_locator,api_source_url,api_table_id,api_last_modified
digital_informatization_access,disabled,2021,95.6,95.6,95.6,0,match,https://www.nia.or.kr/site/nia_kor/ex/bbs/View.do?cbIdx=81623&bcIdx=29168&parentSeq=29168,"2025 디지털정보격차 실태조사, p.23 표3 (PDF p.49)",https://kosis.kr/statHtml/statHtml.do?orgId=127&tblId=DT_12017N009,DT_12017N009,2023-06-26
digital_informatization_access,disabled,2022,96.7,96.7,96.7,0,match,https://www.nia.or.kr/site/nia_kor/ex/bbs/View.do?cbIdx=81623&bcIdx=29168&parentSeq=29168,"2025 디지털정보격차 실태조사, p.23 표3 (PDF p.49)",https://kosis.kr/statHtml/statHtml.do?orgId=127&tblId=DT_12017N009,DT_12017N009,2023-06-26
digital_informatization_access,disabled,2023,98.0,98,98,0,match,https://www.nia.or.kr/site/nia_kor/ex/bbs/View.do?cbIdx=81623&bcIdx=29168&parentSeq=29168,"2025 디지털정보격차 실태조사, p.23 표3 (PDF p.49)",https://kosis.kr/statHtml/statHtml.do?orgId=127&tblId=DT_12017N009,DT_12017N009,2024-04-28
digital_informatization_access,disabled,2024,98.1,98.1,98.1,0,match,https://www.nia.or.kr/site/nia_kor/ex/bbs/View.do?cbIdx=81623&bcIdx=29168&parentSeq=29168,"2025 디지털정보격차 실태조사, p.23 표3 (PDF p.49)",https://kosis.kr/statHtml/statHtml.do?orgId=127&tblId=DT_12017N009,DT_12017N009,2025-04-28
digital_informatization_access,disabled,2025,98.1,98.1,98.1,0,match,https://www.nia.or.kr/site/nia_kor/ex/bbs/View.do?cbIdx=81623&bcIdx=29168&parentSeq=29168,"2025 디지털정보격차 실태조사, p.23 표3 (PDF p.49)",https://kosis.kr/statHtml/statHtml.do?orgId=127&tblId=DT_12017N009,DT_12017N009,2026-04-07
digital_informatization_access,farmers_fishers,2021,94.8,94.9,94.9,0.1,numeric_difference,https://www.nia.or.kr/site/nia_kor/ex/bbs/View.do?cbIdx=81623&bcIdx=29168&parentSeq=29168,"2025 디지털정보격차 실태조사, p.23 표3 (PDF p.49)",https://kosis.kr/statHtml/statHtml.do?orgId=127&tblId=DT_12017N009,DT_12017N009,2023-06-26
digital_informatization_access,farmers_fishers,2022,95.7,95.7,95.7,0,match,https://www.nia.or.kr/site/nia_kor/ex/bbs/View.do?cbIdx=81623&bcIdx=29168&parentSeq=29168,"2025 디지털정보격차 실태조사, p.23 표3 (PDF p.49)",https://kosis.kr/statHtml/statHtml.do?orgId=127&tblId=DT_12017N009,DT_12017N009,2023-06-26
digital_informatization_access,farmers_fishers,2023,97.0,97,97,0,match,https://www.nia.or.kr/site/nia_kor/ex/bbs/View.do?cbIdx=81623&bcIdx=29168&parentSeq=29168,"2025 디지털정보격차 실태조사, p.23 표3 (PDF p.49)",https://kosis.kr/statHtml/statHtml.do?orgId=127&tblId=DT_12017N009,DT_12017N009,2024-04-28
digital_informatization_access,farmers_fishers,2024,97.0,97,97,0,match,https://www.nia.or.kr/site/nia_kor/ex/bbs/View.do?cbIdx=81623&bcIdx=29168&parentSeq=29168,"2025 디지털정보격차 실태조사, p.23 표3 (PDF p.49)",https://kosis.kr/statHtml/statHtml.do?orgId=127&tblId=DT_12017N009,DT_12017N009,2025-04-28
digital_informatization_access,farmers_fishers,2025,97.2,97.2,97.2,0,match,https://www.nia.or.kr/site/nia_kor/ex/bbs/View.do?cbIdx=81623&bcIdx=29168&parentSeq=29168,"2025 디지털정보격차 실태조사, p.23 표3 (PDF p.49)",https://kosis.kr/statHtml/statHtml.do?orgId=127&tblId=DT_12017N009,DT_12017N009,2026-04-07
digital_informatization_access,low_income,2021,98.7,98.7,98.7,0,match,https://www.nia.or.kr/site/nia_kor/ex/bbs/View.do?cbIdx=81623&bcIdx=29168&parentSeq=29168,"2025 디지털정보격차 실태조사, p.23 표3 (PDF p.49)",https://kosis.kr/statHtml/statHtml.do?orgId=127&tblId=DT_12017N009,DT_12017N009,2023-06-26
digital_informatization_access,low_income,2022,99.5,99.5,99.5,0,match,https://www.nia.or.kr/site/nia_kor/ex/bbs/View.do?cbIdx=81623&bcIdx=29168&parentSeq=29168,"2025 디지털정보격차 실태조사, p.23 표3 (PDF p.49)",https://kosis.kr/statHtml/statHtml.do?orgId=127&tblId=DT_12017N009,DT_12017N009,2023-06-26
digital_informatization_access,low_income,2023,99.6,99.6,99.6,0,match,https://www.nia.or.kr/site/nia_kor/ex/bbs/View.do?cbIdx=81623&bcIdx=29168&parentSeq=29168,"2025 디지털정보격차 실태조사, p.23 표3 (PDF p.49)",https://kosis.kr/statHtml/statHtml.do?orgId=127&tblId=DT_12017N009,DT_12017N009,2024-04-28
digital_informatization_access,low_income,2024,99.8,99.8,99.8,0,match,https://www.nia.or.kr/site/nia_kor/ex/bbs/View.do?cbIdx=81623&bcIdx=29168&parentSeq=29168,"2025 디지털정보격차 실태조사, p.23 표3 (PDF p.49)",https://kosis.kr/statHtml/statHtml.do?orgId=127&tblId=DT_12017N009,DT_12017N009,2025-04-28
digital_informatization_access,low_income,2025,99.8,99.8,99.8,0,match,https://www.nia.or.kr/site/nia_kor/ex/bbs/View.do?cbIdx=81623&bcIdx=29168&parentSeq=29168,"2025 디지털정보격차 실태조사, p.23 표3 (PDF p.49)",https://kosis.kr/statHtml/statHtml.do?orgId=127&tblId=DT_12017N009,DT_12017N009,2026-04-07
digital_informatization_access,older_adults,2021,93.1,93.1,93.1,0,match,https://www.nia.or.kr/site/nia_kor/ex/bbs/View.do?cbIdx=81623&bcIdx=29168&parentSeq=29168,"2025 디지털정보격차 실태조사, p.23 표3 (PDF p.49)",https://kosis.kr/statHtml/statHtml.do?orgId=127&tblId=DT_12017N009,DT_12017N009,2023-06-26
digital_informatization_access,older_adults,2022,95.1,95.1,95.1,0,match,https://www.nia.or.kr/site/nia_kor/ex/bbs/View.do?cbIdx=81623&bcIdx=29168&parentSeq=29168,"2025 디지털정보격차 실태조사, p.23 표3 (PDF p.49)",https://kosis.kr/statHtml/statHtml.do?orgId=127&tblId=DT_12017N009,DT_12017N009,2023-06-26
digital_informatization_access,older_adults,2023,95.3,95.3,95.3,0,match,https://www.nia.or.kr/site/nia_kor/ex/bbs/View.do?cbIdx=81623&bcIdx=29168&parentSeq=29168,"2025 디지털정보격차 실태조사, p.23 표3 (PDF p.49)",https://kosis.kr/statHtml/statHtml.do?orgId=127&tblId=DT_12017N009,DT_12017N009,2024-04-28
digital_informatization_access,older_adults,2024,95.3,95.3,95.3,0,match,https://www.nia.or.kr/site/nia_kor/ex/bbs/View.do?cbIdx=81623&bcIdx=29168&parentSeq=29168,"2025 디지털정보격차 실태조사, p.23 표3 (PDF p.49)",https://kosis.kr/statHtml/statHtml.do?orgId=127&tblId=DT_12017N009,DT_12017N009,2025-04-28
digital_informatization_access,older_adults,2025,95.4,95.4,95.4,0,match,https://www.nia.or.kr/site/nia_kor/ex/bbs/View.do?cbIdx=81623&bcIdx=29168&parentSeq=29168,"2025 디지털정보격차 실태조사, p.23 표3 (PDF p.49)",https://kosis.kr/statHtml/statHtml.do?orgId=127&tblId=DT_12017N009,DT_12017N009,2026-04-07
digital_informatization_access,vulnerable_weighted,2021,94.4,94.4,94.4,0,match,https://www.nia.or.kr/site/nia_kor/ex/bbs/View.do?cbIdx=81623&bcIdx=29168&parentSeq=29168,"2025 디지털정보격차 실태조사, p.23 표3 (PDF p.49)",https://kosis.kr/statHtml/statHtml.do?orgId=127&tblId=DT_12017N009,DT_12017N009,2023-06-26
digital_informatization_access,vulnerable_weighted,2022,96.0,96,96,0,match,https://www.nia.or.kr/site/nia_kor/ex/bbs/View.do?cbIdx=81623&bcIdx=29168&parentSeq=29168,"2025 디지털정보격차 실태조사, p.23 표3 (PDF p.49)",https://kosis.kr/statHtml/statHtml.do?orgId=127&tblId=DT_12017N009,DT_12017N009,2023-06-26
digital_informatization_access,vulnerable_weighted,2023,96.5,96.5,96.5,0,match,https://www.nia.or.kr/site/nia_kor/ex/bbs/View.do?cbIdx=81623&bcIdx=29168&parentSeq=29168,"2025 디지털정보격차 실태조사, p.23 표3 (PDF p.49)",https://kosis.kr/statHtml/statHtml.do?orgId=127&tblId=DT_12017N009,DT_12017N009,2024-04-28
digital_informatization_access,vulnerable_weighted,2024,96.5,96.5,96.5,0,match,https://www.nia.or.kr/site/nia_kor/ex/bbs/View.do?cbIdx=81623&bcIdx=29168&parentSeq=29168,"2025 디지털정보격차 실태조사, p.23 표3 (PDF p.49)",https://kosis.kr/statHtml/statHtml.do?orgId=127&tblId=DT_12017N009,DT_12017N009,2025-04-28
digital_informatization_access,vulnerable_weighted,2025,96.6,96.6,96.6,0,match,https://www.nia.or.kr/site/nia_kor/ex/bbs/View.do?cbIdx=81623&bcIdx=29168&parentSeq=29168,"2025 디지털정보격차 실태조사, p.23 표3 (PDF p.49)",https://kosis.kr/statHtml/statHtml.do?orgId=127&tblId=DT_12017N009,DT_12017N009,2026-04-07
digital_informatization_capability,disabled,2021,74.9,74.9,74.9,0,match,https://www.nia.or.kr/site/nia_kor/ex/bbs/View.do?cbIdx=81623&bcIdx=29168&parentSeq=29168,"2025 디지털정보격차 실태조사, p.25 표4 (PDF p.51)",https://kosis.kr/statHtml/statHtml.do?orgId=127&tblId=DT_12017N0010,DT_12017N0010,2023-06-26
digital_informatization_capability,disabled,2022,75.2,75.2,75.2,0,match,https://www.nia.or.kr/site/nia_kor/ex/bbs/View.do?cbIdx=81623&bcIdx=29168&parentSeq=29168,"2025 디지털정보격차 실태조사, p.25 표4 (PDF p.51)",https://kosis.kr/statHtml/statHtml.do?orgId=127&tblId=DT_12017N0010,DT_12017N0010,2023-06-26
digital_informatization_capability,disabled,2023,75.6,75.6,75.6,0,match,https://www.nia.or.kr/site/nia_kor/ex/bbs/View.do?cbIdx=81623&bcIdx=29168&parentSeq=29168,"2025 디지털정보격차 실태조사, p.25 표4 (PDF p.51)",https://kosis.kr/statHtml/statHtml.do?orgId=127&tblId=DT_12017N0010,DT_12017N0010,2024-04-18
digital_informatization_capability,disabled,2024,76.1,76.1,76.1,0,match,https://www.nia.or.kr/site/nia_kor/ex/bbs/View.do?cbIdx=81623&bcIdx=29168&parentSeq=29168,"2025 디지털정보격차 실태조사, p.25 표4 (PDF p.51)",https://kosis.kr/statHtml/statHtml.do?orgId=127&tblId=DT_12017N0010,DT_12017N0010,2025-04-28
digital_informatization_capability,disabled,2025,77.0,77,77,0,match,https://www.nia.or.kr/site/nia_kor/ex/bbs/View.do?cbIdx=81623&bcIdx=29168&parentSeq=29168,"2025 디지털정보격차 실태조사, p.25 표4 (PDF p.51)",https://kosis.kr/statHtml/statHtml.do?orgId=127&tblId=DT_12017N0010,DT_12017N0010,2026-04-07
digital_informatization_capability,farmers_fishers,2021,69.6,69.6,69.6,0,match,https://www.nia.or.kr/site/nia_kor/ex/bbs/View.do?cbIdx=81623&bcIdx=29168&parentSeq=29168,"2025 디지털정보격차 실태조사, p.25 표4 (PDF p.51)",https://kosis.kr/statHtml/statHtml.do?orgId=127&tblId=DT_12017N0010,DT_12017N0010,2023-06-26
digital_informatization_capability,farmers_fishers,2022,70.6,70.6,70.6,0,match,https://www.nia.or.kr/site/nia_kor/ex/bbs/View.do?cbIdx=81623&bcIdx=29168&parentSeq=29168,"2025 디지털정보격차 실태조사, p.25 표4 (PDF p.51)",https://kosis.kr/statHtml/statHtml.do?orgId=127&tblId=DT_12017N0010,DT_12017N0010,2023-06-26
digital_informatization_capability,farmers_fishers,2023,71.0,71,71,0,match,https://www.nia.or.kr/site/nia_kor/ex/bbs/View.do?cbIdx=81623&bcIdx=29168&parentSeq=29168,"2025 디지털정보격차 실태조사, p.25 표4 (PDF p.51)",https://kosis.kr/statHtml/statHtml.do?orgId=127&tblId=DT_12017N0010,DT_12017N0010,2024-04-18
digital_informatization_capability,farmers_fishers,2024,71.8,71.8,71.8,0,match,https://www.nia.or.kr/site/nia_kor/ex/bbs/View.do?cbIdx=81623&bcIdx=29168&parentSeq=29168,"2025 디지털정보격차 실태조사, p.25 표4 (PDF p.51)",https://kosis.kr/statHtml/statHtml.do?orgId=127&tblId=DT_12017N0010,DT_12017N0010,2025-04-28
digital_informatization_capability,farmers_fishers,2025,72.4,72.4,72.4,0,match,https://www.nia.or.kr/site/nia_kor/ex/bbs/View.do?cbIdx=81623&bcIdx=29168&parentSeq=29168,"2025 디지털정보격차 실태조사, p.25 표4 (PDF p.51)",https://kosis.kr/statHtml/statHtml.do?orgId=127&tblId=DT_12017N0010,DT_12017N0010,2026-04-07
digital_informatization_capability,low_income,2021,92.9,92.9,92.9,0,match,https://www.nia.or.kr/site/nia_kor/ex/bbs/View.do?cbIdx=81623&bcIdx=29168&parentSeq=29168,"2025 디지털정보격차 실태조사, p.25 표4 (PDF p.51)",https://kosis.kr/statHtml/statHtml.do?orgId=127&tblId=DT_12017N0010,DT_12017N0010,2023-06-26
digital_informatization_capability,low_income,2022,92.9,92.9,92.9,0,match,https://www.nia.or.kr/site/nia_kor/ex/bbs/View.do?cbIdx=81623&bcIdx=29168&parentSeq=29168,"2025 디지털정보격차 실태조사, p.25 표4 (PDF p.51)",https://kosis.kr/statHtml/statHtml.do?orgId=127&tblId=DT_12017N0010,DT_12017N0010,2023-06-26
digital_informatization_capability,low_income,2023,93.0,93,93,0,match,https://www.nia.or.kr/site/nia_kor/ex/bbs/View.do?cbIdx=81623&bcIdx=29168&parentSeq=29168,"2025 디지털정보격차 실태조사, p.25 표4 (PDF p.51)",https://kosis.kr/statHtml/statHtml.do?orgId=127&tblId=DT_12017N0010,DT_12017N0010,2024-04-18
digital_informatization_capability,low_income,2024,93.3,93.3,93.3,0,match,https://www.nia.or.kr/site/nia_kor/ex/bbs/View.do?cbIdx=81623&bcIdx=29168&parentSeq=29168,"2025 디지털정보격차 실태조사, p.25 표4 (PDF p.51)",https://kosis.kr/statHtml/statHtml.do?orgId=127&tblId=DT_12017N0010,DT_12017N0010,2025-04-28
digital_informatization_capability,low_income,2025,94.1,94.1,94.1,0,match,https://www.nia.or.kr/site/nia_kor/ex/bbs/View.do?cbIdx=81623&bcIdx=29168&parentSeq=29168,"2025 디지털정보격차 실태조사, p.25 표4 (PDF p.51)",https://kosis.kr/statHtml/statHtml.do?orgId=127&tblId=DT_12017N0010,DT_12017N0010,2026-04-07
digital_informatization_capability,older_adults,2021,53.9,53.9,53.9,0,match,https://www.nia.or.kr/site/nia_kor/ex/bbs/View.do?cbIdx=81623&bcIdx=29168&parentSeq=29168,"2025 디지털정보격차 실태조사, p.25 표4 (PDF p.51)",https://kosis.kr/statHtml/statHtml.do?orgId=127&tblId=DT_12017N0010,DT_12017N0010,2023-06-26
digital_informatization_capability,older_adults,2022,54.5,54.5,54.5,0,match,https://www.nia.or.kr/site/nia_kor/ex/bbs/View.do?cbIdx=81623&bcIdx=29168&parentSeq=29168,"2025 디지털정보격차 실태조사, p.25 표4 (PDF p.51)",https://kosis.kr/statHtml/statHtml.do?orgId=127&tblId=DT_12017N0010,DT_12017N0010,2023-06-26
digital_informatization_capability,older_adults,2023,55.3,55.3,55.3,0,match,https://www.nia.or.kr/site/nia_kor/ex/bbs/View.do?cbIdx=81623&bcIdx=29168&parentSeq=29168,"2025 디지털정보격차 실태조사, p.25 표4 (PDF p.51)",https://kosis.kr/statHtml/statHtml.do?orgId=127&tblId=DT_12017N0010,DT_12017N0010,2024-04-18
digital_informatization_capability,older_adults,2024,55.9,55.9,55.9,0,match,https://www.nia.or.kr/site/nia_kor/ex/bbs/View.do?cbIdx=81623&bcIdx=29168&parentSeq=29168,"2025 디지털정보격차 실태조사, p.25 표4 (PDF p.51)",https://kosis.kr/statHtml/statHtml.do?orgId=127&tblId=DT_12017N0010,DT_12017N0010,2025-04-28
digital_informatization_capability,older_adults,2025,56.2,56.2,56.2,0,match,https://www.nia.or.kr/site/nia_kor/ex/bbs/View.do?cbIdx=81623&bcIdx=29168&parentSeq=29168,"2025 디지털정보격차 실태조사, p.25 표4 (PDF p.51)",https://kosis.kr/statHtml/statHtml.do?orgId=127&tblId=DT_12017N0010,DT_12017N0010,2026-04-07
digital_informatization_capability,vulnerable_weighted,2021,63.8,63.8,63.8,0,match,https://www.nia.or.kr/site/nia_kor/ex/bbs/View.do?cbIdx=81623&bcIdx=29168&parentSeq=29168,"2025 디지털정보격차 실태조사, p.25 표4 (PDF p.51)",https://kosis.kr/statHtml/statHtml.do?orgId=127&tblId=DT_12017N0010,DT_12017N0010,2023-06-26
digital_informatization_capability,vulnerable_weighted,2022,64.5,64.5,64.5,0,match,https://www.nia.or.kr/site/nia_kor/ex/bbs/View.do?cbIdx=81623&bcIdx=29168&parentSeq=29168,"2025 디지털정보격차 실태조사, p.25 표4 (PDF p.51)",https://kosis.kr/statHtml/statHtml.do?orgId=127&tblId=DT_12017N0010,DT_12017N0010,2023-06-26
digital_informatization_capability,vulnerable_weighted,2023,65.1,65.1,65.1,0,match,https://www.nia.or.kr/site/nia_kor/ex/bbs/View.do?cbIdx=81623&bcIdx=29168&parentSeq=29168,"2025 디지털정보격차 실태조사, p.25 표4 (PDF p.51)",https://kosis.kr/statHtml/statHtml.do?orgId=127&tblId=DT_12017N0010,DT_12017N0010,2024-04-18
digital_informatization_capability,vulnerable_weighted,2024,65.6,65.6,65.6,0,match,https://www.nia.or.kr/site/nia_kor/ex/bbs/View.do?cbIdx=81623&bcIdx=29168&parentSeq=29168,"2025 디지털정보격차 실태조사, p.25 표4 (PDF p.51)",https://kosis.kr/statHtml/statHtml.do?orgId=127&tblId=DT_12017N0010,DT_12017N0010,2025-04-28
digital_informatization_capability,vulnerable_weighted,2025,65.9,65.9,65.9,0,match,https://www.nia.or.kr/site/nia_kor/ex/bbs/View.do?cbIdx=81623&bcIdx=29168&parentSeq=29168,"2025 디지털정보격차 실태조사, p.25 표4 (PDF p.51)",https://kosis.kr/statHtml/statHtml.do?orgId=127&tblId=DT_12017N0010,DT_12017N0010,2026-04-07
digital_informatization_overall,disabled,2021,81.7,81.7,81.7,0,match,https://www.nia.or.kr/site/nia_kor/ex/bbs/View.do?cbIdx=81623&bcIdx=29168&parentSeq=29168,"2025 디지털정보격차 실태조사, p.21 표2 (PDF p.47)",https://kosis.kr/statHtml/statHtml.do?orgId=127&tblId=DT_12017N008,DT_12017N008,2023-06-26
digital_informatization_overall,disabled,2022,82.2,82.2,82.2,0,match,https://www.nia.or.kr/site/nia_kor/ex/bbs/View.do?cbIdx=81623&bcIdx=29168&parentSeq=29168,"2025 디지털정보격차 실태조사, p.21 표2 (PDF p.47)",https://kosis.kr/statHtml/statHtml.do?orgId=127&tblId=DT_12017N008,DT_12017N008,2023-06-26
digital_informatization_overall,disabled,2023,82.8,82.8,82.8,0,match,https://www.nia.or.kr/site/nia_kor/ex/bbs/View.do?cbIdx=81623&bcIdx=29168&parentSeq=29168,"2025 디지털정보격차 실태조사, p.21 표2 (PDF p.47)",https://kosis.kr/statHtml/statHtml.do?orgId=127&tblId=DT_12017N008,DT_12017N008,2024-04-28
digital_informatization_overall,disabled,2024,83.5,83.5,83.5,0,match,https://www.nia.or.kr/site/nia_kor/ex/bbs/View.do?cbIdx=81623&bcIdx=29168&parentSeq=29168,"2025 디지털정보격차 실태조사, p.21 표2 (PDF p.47)",https://kosis.kr/statHtml/statHtml.do?orgId=127&tblId=DT_12017N008,DT_12017N008,2025-04-28
digital_informatization_overall,disabled,2025,84.1,84.1,84.1,0,match,https://www.nia.or.kr/site/nia_kor/ex/bbs/View.do?cbIdx=81623&bcIdx=29168&parentSeq=29168,"2025 디지털정보격차 실태조사, p.21 표2 (PDF p.47)",https://kosis.kr/statHtml/statHtml.do?orgId=127&tblId=DT_12017N008,DT_12017N008,2026-04-07
digital_informatization_overall,farmers_fishers,2021,78.1,78.1,78.1,0,match,https://www.nia.or.kr/site/nia_kor/ex/bbs/View.do?cbIdx=81623&bcIdx=29168&parentSeq=29168,"2025 디지털정보격차 실태조사, p.21 표2 (PDF p.47)",https://kosis.kr/statHtml/statHtml.do?orgId=127&tblId=DT_12017N008,DT_12017N008,2023-06-26
digital_informatization_overall,farmers_fishers,2022,78.9,78.9,78.9,0,match,https://www.nia.or.kr/site/nia_kor/ex/bbs/View.do?cbIdx=81623&bcIdx=29168&parentSeq=29168,"2025 디지털정보격차 실태조사, p.21 표2 (PDF p.47)",https://kosis.kr/statHtml/statHtml.do?orgId=127&tblId=DT_12017N008,DT_12017N008,2023-06-26
digital_informatization_overall,farmers_fishers,2023,79.5,79.5,79.5,0,match,https://www.nia.or.kr/site/nia_kor/ex/bbs/View.do?cbIdx=81623&bcIdx=29168&parentSeq=29168,"2025 디지털정보격차 실태조사, p.21 표2 (PDF p.47)",https://kosis.kr/statHtml/statHtml.do?orgId=127&tblId=DT_12017N008,DT_12017N008,2024-04-28
digital_informatization_overall,farmers_fishers,2024,80.0,80,80,0,match,https://www.nia.or.kr/site/nia_kor/ex/bbs/View.do?cbIdx=81623&bcIdx=29168&parentSeq=29168,"2025 디지털정보격차 실태조사, p.21 표2 (PDF p.47)",https://kosis.kr/statHtml/statHtml.do?orgId=127&tblId=DT_12017N008,DT_12017N008,2025-04-28
digital_informatization_overall,farmers_fishers,2025,80.6,80.6,80.6,0,match,https://www.nia.or.kr/site/nia_kor/ex/bbs/View.do?cbIdx=81623&bcIdx=29168&parentSeq=29168,"2025 디지털정보격차 실태조사, p.21 표2 (PDF p.47)",https://kosis.kr/statHtml/statHtml.do?orgId=127&tblId=DT_12017N008,DT_12017N008,2026-04-07
digital_informatization_overall,low_income,2021,95.4,95.4,95.4,0,match,https://www.nia.or.kr/site/nia_kor/ex/bbs/View.do?cbIdx=81623&bcIdx=29168&parentSeq=29168,"2025 디지털정보격차 실태조사, p.21 표2 (PDF p.47)",https://kosis.kr/statHtml/statHtml.do?orgId=127&tblId=DT_12017N008,DT_12017N008,2023-06-26
digital_informatization_overall,low_income,2022,95.6,95.6,95.6,0,match,https://www.nia.or.kr/site/nia_kor/ex/bbs/View.do?cbIdx=81623&bcIdx=29168&parentSeq=29168,"2025 디지털정보격차 실태조사, p.21 표2 (PDF p.47)",https://kosis.kr/statHtml/statHtml.do?orgId=127&tblId=DT_12017N008,DT_12017N008,2023-06-26
digital_informatization_overall,low_income,2023,96.1,96.1,96.1,0,match,https://www.nia.or.kr/site/nia_kor/ex/bbs/View.do?cbIdx=81623&bcIdx=29168&parentSeq=29168,"2025 디지털정보격차 실태조사, p.21 표2 (PDF p.47)",https://kosis.kr/statHtml/statHtml.do?orgId=127&tblId=DT_12017N008,DT_12017N008,2024-04-28
digital_informatization_overall,low_income,2024,96.5,96.5,96.5,0,match,https://www.nia.or.kr/site/nia_kor/ex/bbs/View.do?cbIdx=81623&bcIdx=29168&parentSeq=29168,"2025 디지털정보격차 실태조사, p.21 표2 (PDF p.47)",https://kosis.kr/statHtml/statHtml.do?orgId=127&tblId=DT_12017N008,DT_12017N008,2025-04-28
digital_informatization_overall,low_income,2025,97.0,97,97,0,match,https://www.nia.or.kr/site/nia_kor/ex/bbs/View.do?cbIdx=81623&bcIdx=29168&parentSeq=29168,"2025 디지털정보격차 실태조사, p.21 표2 (PDF p.47)",https://kosis.kr/statHtml/statHtml.do?orgId=127&tblId=DT_12017N008,DT_12017N008,2026-04-07
digital_informatization_overall,older_adults,2021,69.1,69.1,69.1,0,match,https://www.nia.or.kr/site/nia_kor/ex/bbs/View.do?cbIdx=81623&bcIdx=29168&parentSeq=29168,"2025 디지털정보격차 실태조사, p.21 표2 (PDF p.47)",https://kosis.kr/statHtml/statHtml.do?orgId=127&tblId=DT_12017N008,DT_12017N008,2023-06-26
digital_informatization_overall,older_adults,2022,69.9,69.9,69.9,0,match,https://www.nia.or.kr/site/nia_kor/ex/bbs/View.do?cbIdx=81623&bcIdx=29168&parentSeq=29168,"2025 디지털정보격차 실태조사, p.21 표2 (PDF p.47)",https://kosis.kr/statHtml/statHtml.do?orgId=127&tblId=DT_12017N008,DT_12017N008,2023-06-26
digital_informatization_overall,older_adults,2023,70.7,70.7,70.7,0,match,https://www.nia.or.kr/site/nia_kor/ex/bbs/View.do?cbIdx=81623&bcIdx=29168&parentSeq=29168,"2025 디지털정보격차 실태조사, p.21 표2 (PDF p.47)",https://kosis.kr/statHtml/statHtml.do?orgId=127&tblId=DT_12017N008,DT_12017N008,2024-04-28
digital_informatization_overall,older_adults,2024,71.4,71.4,71.4,0,match,https://www.nia.or.kr/site/nia_kor/ex/bbs/View.do?cbIdx=81623&bcIdx=29168&parentSeq=29168,"2025 디지털정보격차 실태조사, p.21 표2 (PDF p.47)",https://kosis.kr/statHtml/statHtml.do?orgId=127&tblId=DT_12017N008,DT_12017N008,2025-04-28
digital_informatization_overall,older_adults,2025,71.8,71.8,71.8,0,match,https://www.nia.or.kr/site/nia_kor/ex/bbs/View.do?cbIdx=81623&bcIdx=29168&parentSeq=29168,"2025 디지털정보격차 실태조사, p.21 표2 (PDF p.47)",https://kosis.kr/statHtml/statHtml.do?orgId=127&tblId=DT_12017N008,DT_12017N008,2026-04-07
digital_informatization_overall,vulnerable_weighted,2021,75.4,75.4,75.4,0,match,https://www.nia.or.kr/site/nia_kor/ex/bbs/View.do?cbIdx=81623&bcIdx=29168&parentSeq=29168,"2025 디지털정보격차 실태조사, p.21 표2 (PDF p.47)",https://kosis.kr/statHtml/statHtml.do?orgId=127&tblId=DT_12017N008,DT_12017N008,2023-06-26
digital_informatization_overall,vulnerable_weighted,2022,76.2,76.2,76.2,0,match,https://www.nia.or.kr/site/nia_kor/ex/bbs/View.do?cbIdx=81623&bcIdx=29168&parentSeq=29168,"2025 디지털정보격차 실태조사, p.21 표2 (PDF p.47)",https://kosis.kr/statHtml/statHtml.do?orgId=127&tblId=DT_12017N008,DT_12017N008,2023-06-26
digital_informatization_overall,vulnerable_weighted,2023,76.9,76.9,76.9,0,match,https://www.nia.or.kr/site/nia_kor/ex/bbs/View.do?cbIdx=81623&bcIdx=29168&parentSeq=29168,"2025 디지털정보격차 실태조사, p.21 표2 (PDF p.47)",https://kosis.kr/statHtml/statHtml.do?orgId=127&tblId=DT_12017N008,DT_12017N008,2024-04-28
digital_informatization_overall,vulnerable_weighted,2024,77.5,77.5,77.5,0,match,https://www.nia.or.kr/site/nia_kor/ex/bbs/View.do?cbIdx=81623&bcIdx=29168&parentSeq=29168,"2025 디지털정보격차 실태조사, p.21 표2 (PDF p.47)",https://kosis.kr/statHtml/statHtml.do?orgId=127&tblId=DT_12017N008,DT_12017N008,2025-04-28
digital_informatization_overall,vulnerable_weighted,2025,77.9,77.9,77.9,0,match,https://www.nia.or.kr/site/nia_kor/ex/bbs/View.do?cbIdx=81623&bcIdx=29168&parentSeq=29168,"2025 디지털정보격차 실태조사, p.21 표2 (PDF p.47)",https://kosis.kr/statHtml/statHtml.do?orgId=127&tblId=DT_12017N008,DT_12017N008,2026-04-07
digital_informatization_utilization,disabled,2021,81.5,81.5,81.5,0,match,https://www.nia.or.kr/site/nia_kor/ex/bbs/View.do?cbIdx=81623&bcIdx=29168&parentSeq=29168,"2025 디지털정보격차 실태조사, p.27 표5 (PDF p.53)",https://kosis.kr/statHtml/statHtml.do?orgId=127&tblId=DT_12017N0011,DT_12017N0011,2023-06-26
digital_informatization_utilization,disabled,2022,82.0,82,82,0,match,https://www.nia.or.kr/site/nia_kor/ex/bbs/View.do?cbIdx=81623&bcIdx=29168&parentSeq=29168,"2025 디지털정보격차 실태조사, p.27 표5 (PDF p.53)",https://kosis.kr/statHtml/statHtml.do?orgId=127&tblId=DT_12017N0011,DT_12017N0011,2023-06-26
digital_informatization_utilization,disabled,2023,82.5,82.5,82.5,0,match,https://www.nia.or.kr/site/nia_kor/ex/bbs/View.do?cbIdx=81623&bcIdx=29168&parentSeq=29168,"2025 디지털정보격차 실태조사, p.27 표5 (PDF p.53)",https://kosis.kr/statHtml/statHtml.do?orgId=127&tblId=DT_12017N0011,DT_12017N0011,2024-04-18
digital_informatization_utilization,disabled,2024,83.7,83.7,83.7,0,match,https://www.nia.or.kr/site/nia_kor/ex/bbs/View.do?cbIdx=81623&bcIdx=29168&parentSeq=29168,"2025 디지털정보격차 실태조사, p.27 표5 (PDF p.53)",https://kosis.kr/statHtml/statHtml.do?orgId=127&tblId=DT_12017N0011,DT_12017N0011,2025-04-28
digital_informatization_utilization,disabled,2025,84.3,84.3,84.3,0,match,https://www.nia.or.kr/site/nia_kor/ex/bbs/View.do?cbIdx=81623&bcIdx=29168&parentSeq=29168,"2025 디지털정보격차 실태조사, p.27 표5 (PDF p.53)",https://kosis.kr/statHtml/statHtml.do?orgId=127&tblId=DT_12017N0011,DT_12017N0011,2026-04-07
digital_informatization_utilization,farmers_fishers,2021,78.1,78.1,78.1,0,match,https://www.nia.or.kr/site/nia_kor/ex/bbs/View.do?cbIdx=81623&bcIdx=29168&parentSeq=29168,"2025 디지털정보격차 실태조사, p.27 표5 (PDF p.53)",https://kosis.kr/statHtml/statHtml.do?orgId=127&tblId=DT_12017N0011,DT_12017N0011,2023-06-26
digital_informatization_utilization,farmers_fishers,2022,78.8,78.8,78.8,0,match,https://www.nia.or.kr/site/nia_kor/ex/bbs/View.do?cbIdx=81623&bcIdx=29168&parentSeq=29168,"2025 디지털정보격차 실태조사, p.27 표5 (PDF p.53)",https://kosis.kr/statHtml/statHtml.do?orgId=127&tblId=DT_12017N0011,DT_12017N0011,2023-06-26
digital_informatization_utilization,farmers_fishers,2023,79.2,79.2,79.2,0,match,https://www.nia.or.kr/site/nia_kor/ex/bbs/View.do?cbIdx=81623&bcIdx=29168&parentSeq=29168,"2025 디지털정보격차 실태조사, p.27 표5 (PDF p.53)",https://kosis.kr/statHtml/statHtml.do?orgId=127&tblId=DT_12017N0011,DT_12017N0011,2024-04-18
digital_informatization_utilization,farmers_fishers,2024,79.6,79.6,79.6,0,match,https://www.nia.or.kr/site/nia_kor/ex/bbs/View.do?cbIdx=81623&bcIdx=29168&parentSeq=29168,"2025 디지털정보격차 실태조사, p.27 표5 (PDF p.53)",https://kosis.kr/statHtml/statHtml.do?orgId=127&tblId=DT_12017N0011,DT_12017N0011,2025-04-28
digital_informatization_utilization,farmers_fishers,2025,80.5,80.5,80.5,0,match,https://www.nia.or.kr/site/nia_kor/ex/bbs/View.do?cbIdx=81623&bcIdx=29168&parentSeq=29168,"2025 디지털정보격차 실태조사, p.27 표5 (PDF p.53)",https://kosis.kr/statHtml/statHtml.do?orgId=127&tblId=DT_12017N0011,DT_12017N0011,2026-04-07
digital_informatization_utilization,low_income,2021,96.3,96.3,96.3,0,match,https://www.nia.or.kr/site/nia_kor/ex/bbs/View.do?cbIdx=81623&bcIdx=29168&parentSeq=29168,"2025 디지털정보격차 실태조사, p.27 표5 (PDF p.53)",https://kosis.kr/statHtml/statHtml.do?orgId=127&tblId=DT_12017N0011,DT_12017N0011,2023-06-26
digital_informatization_utilization,low_income,2022,96.4,96.4,96.4,0,match,https://www.nia.or.kr/site/nia_kor/ex/bbs/View.do?cbIdx=81623&bcIdx=29168&parentSeq=29168,"2025 디지털정보격차 실태조사, p.27 표5 (PDF p.53)",https://kosis.kr/statHtml/statHtml.do?orgId=127&tblId=DT_12017N0011,DT_12017N0011,2023-06-26
digital_informatization_utilization,low_income,2023,97.4,97.4,97.4,0,match,https://www.nia.or.kr/site/nia_kor/ex/bbs/View.do?cbIdx=81623&bcIdx=29168&parentSeq=29168,"2025 디지털정보격차 실태조사, p.27 표5 (PDF p.53)",https://kosis.kr/statHtml/statHtml.do?orgId=127&tblId=DT_12017N0011,DT_12017N0011,2024-04-18
digital_informatization_utilization,low_income,2024,98.0,98,98,0,match,https://www.nia.or.kr/site/nia_kor/ex/bbs/View.do?cbIdx=81623&bcIdx=29168&parentSeq=29168,"2025 디지털정보격차 실태조사, p.27 표5 (PDF p.53)",https://kosis.kr/statHtml/statHtml.do?orgId=127&tblId=DT_12017N0011,DT_12017N0011,2025-04-28
digital_informatization_utilization,low_income,2025,98.5,98.5,98.5,0,match,https://www.nia.or.kr/site/nia_kor/ex/bbs/View.do?cbIdx=81623&bcIdx=29168&parentSeq=29168,"2025 디지털정보격차 실태조사, p.27 표5 (PDF p.53)",https://kosis.kr/statHtml/statHtml.do?orgId=127&tblId=DT_12017N0011,DT_12017N0011,2026-04-07
digital_informatization_utilization,older_adults,2021,72.3,72.3,72.3,0,match,https://www.nia.or.kr/site/nia_kor/ex/bbs/View.do?cbIdx=81623&bcIdx=29168&parentSeq=29168,"2025 디지털정보격차 실태조사, p.27 표5 (PDF p.53)",https://kosis.kr/statHtml/statHtml.do?orgId=127&tblId=DT_12017N0011,DT_12017N0011,2023-06-26
digital_informatization_utilization,older_adults,2022,72.6,72.6,72.6,0,match,https://www.nia.or.kr/site/nia_kor/ex/bbs/View.do?cbIdx=81623&bcIdx=29168&parentSeq=29168,"2025 디지털정보격차 실태조사, p.27 표5 (PDF p.53)",https://kosis.kr/statHtml/statHtml.do?orgId=127&tblId=DT_12017N0011,DT_12017N0011,2023-06-26
digital_informatization_utilization,older_adults,2023,73.8,73.8,73.8,0,match,https://www.nia.or.kr/site/nia_kor/ex/bbs/View.do?cbIdx=81623&bcIdx=29168&parentSeq=29168,"2025 디지털정보격차 실태조사, p.27 표5 (PDF p.53)",https://kosis.kr/statHtml/statHtml.do?orgId=127&tblId=DT_12017N0011,DT_12017N0011,2024-04-18
digital_informatization_utilization,older_adults,2024,75.0,75,75,0,match,https://www.nia.or.kr/site/nia_kor/ex/bbs/View.do?cbIdx=81623&bcIdx=29168&parentSeq=29168,"2025 디지털정보격차 실태조사, p.27 표5 (PDF p.53)",https://kosis.kr/statHtml/statHtml.do?orgId=127&tblId=DT_12017N0011,DT_12017N0011,2025-04-28
digital_informatization_utilization,older_adults,2025,75.6,75.6,75.6,0,match,https://www.nia.or.kr/site/nia_kor/ex/bbs/View.do?cbIdx=81623&bcIdx=29168&parentSeq=29168,"2025 디지털정보격차 실태조사, p.27 표5 (PDF p.53)",https://kosis.kr/statHtml/statHtml.do?orgId=127&tblId=DT_12017N0011,DT_12017N0011,2026-04-07
digital_informatization_utilization,vulnerable_weighted,2021,77.6,77.6,77.6,0,match,https://www.nia.or.kr/site/nia_kor/ex/bbs/View.do?cbIdx=81623&bcIdx=29168&parentSeq=29168,"2025 디지털정보격차 실태조사, p.27 표5 (PDF p.53)",https://kosis.kr/statHtml/statHtml.do?orgId=127&tblId=DT_12017N0011,DT_12017N0011,2023-06-26
digital_informatization_utilization,vulnerable_weighted,2022,78.0,78,78,0,match,https://www.nia.or.kr/site/nia_kor/ex/bbs/View.do?cbIdx=81623&bcIdx=29168&parentSeq=29168,"2025 디지털정보격차 실태조사, p.27 표5 (PDF p.53)",https://kosis.kr/statHtml/statHtml.do?orgId=127&tblId=DT_12017N0011,DT_12017N0011,2023-06-26
digital_informatization_utilization,vulnerable_weighted,2023,79.0,79,79,0,match,https://www.nia.or.kr/site/nia_kor/ex/bbs/View.do?cbIdx=81623&bcIdx=29168&parentSeq=29168,"2025 디지털정보격차 실태조사, p.27 표5 (PDF p.53)",https://kosis.kr/statHtml/statHtml.do?orgId=127&tblId=DT_12017N0011,DT_12017N0011,2024-04-18
digital_informatization_utilization,vulnerable_weighted,2024,80.0,80,80,0,match,https://www.nia.or.kr/site/nia_kor/ex/bbs/View.do?cbIdx=81623&bcIdx=29168&parentSeq=29168,"2025 디지털정보격차 실태조사, p.27 표5 (PDF p.53)",https://kosis.kr/statHtml/statHtml.do?orgId=127&tblId=DT_12017N0011,DT_12017N0011,2025-04-28
digital_informatization_utilization,vulnerable_weighted,2025,80.5,80.5,80.5,0,match,https://www.nia.or.kr/site/nia_kor/ex/bbs/View.do?cbIdx=81623&bcIdx=29168&parentSeq=29168,"2025 디지털정보격차 실태조사, p.27 표5 (PDF p.53)",https://kosis.kr/statHtml/statHtml.do?orgId=127&tblId=DT_12017N0011,DT_12017N0011,2026-04-07
