indicator,population,population_label,unit,period,start_year,end_year,start_value,end_value,change_index_points,year_intervals,mean_annual_index_point_change,missing_numeric_years,measurement_composition_changes_adjusted
digital_informatization_access,disabled,장애인,index_general_population_100,primary_descriptive_period,2016,2025,88.1,98.1,10,9,1.111,,False
digital_informatization_access,disabled,장애인,index_general_population_100,api_2021_2025_overlap_period,2021,2025,95.6,98.1,2.5,4,0.625,,False
digital_informatization_access,farmers_fishers,농어민,index_general_population_100,primary_descriptive_period,2016,2025,84.8,97.2,12.4,9,1.378,,False
digital_informatization_access,farmers_fishers,농어민,index_general_population_100,api_2021_2025_overlap_period,2021,2025,94.9,97.2,2.3,4,0.575,,False
digital_informatization_access,low_income,저소득층,index_general_population_100,primary_descriptive_period,2016,2025,89.2,99.8,10.6,9,1.178,,False
digital_informatization_access,low_income,저소득층,index_general_population_100,api_2021_2025_overlap_period,2021,2025,98.7,99.8,1.1,4,0.275,,False
digital_informatization_access,older_adults,고령층,index_general_population_100,primary_descriptive_period,2016,2025,82.5,95.4,12.9,9,1.433,,False
digital_informatization_access,older_adults,고령층,index_general_population_100,api_2021_2025_overlap_period,2021,2025,93.1,95.4,2.3,4,0.575,,False
digital_informatization_access,vulnerable_weighted,취약계층 평균,index_general_population_100,primary_descriptive_period,2016,2025,84.5,96.6,12.1,9,1.344,,False
digital_informatization_access,vulnerable_weighted,취약계층 평균,index_general_population_100,api_2021_2025_overlap_period,2021,2025,94.4,96.6,2.2,4,0.55,,False
digital_informatization_capability,disabled,장애인,index_general_population_100,primary_descriptive_period,2016,2025,49.8,77,27.2,9,3.022,,False
digital_informatization_capability,disabled,장애인,index_general_population_100,api_2021_2025_overlap_period,2021,2025,74.9,77,2.1,4,0.525,,False
digital_informatization_capability,farmers_fishers,농어민,index_general_population_100,primary_descriptive_period,2016,2025,46.2,72.4,26.2,9,2.911,,False
digital_informatization_capability,farmers_fishers,농어민,index_general_population_100,api_2021_2025_overlap_period,2021,2025,69.6,72.4,2.8,4,0.7,,False
digital_informatization_capability,low_income,저소득층,index_general_population_100,primary_descriptive_period,2016,2025,69.1,94.1,25,9,2.778,,False
digital_informatization_capability,low_income,저소득층,index_general_population_100,api_2021_2025_overlap_period,2021,2025,92.9,94.1,1.2,4,0.3,,False
digital_informatization_capability,older_adults,고령층,index_general_population_100,primary_descriptive_period,2016,2025,34.9,56.2,21.3,9,2.367,,False
digital_informatization_capability,older_adults,고령층,index_general_population_100,api_2021_2025_overlap_period,2021,2025,53.9,56.2,2.3,4,0.575,,False
digital_informatization_capability,vulnerable_weighted,취약계층 평균,index_general_population_100,primary_descriptive_period,2016,2025,45.2,65.9,20.7,9,2.3,,False
digital_informatization_capability,vulnerable_weighted,취약계층 평균,index_general_population_100,api_2021_2025_overlap_period,2021,2025,63.8,65.9,2.1,4,0.525,,False
digital_informatization_overall,disabled,장애인,index_general_population_100,primary_descriptive_period,2016,2025,65.4,84.1,18.7,9,2.078,,False
digital_informatization_overall,disabled,장애인,index_general_population_100,api_2021_2025_overlap_period,2021,2025,81.7,84.1,2.4,4,0.6,,False
digital_informatization_overall,farmers_fishers,농어민,index_general_population_100,primary_descriptive_period,2016,2025,61.1,80.6,19.5,9,2.167,,False
digital_informatization_overall,farmers_fishers,농어민,index_general_population_100,api_2021_2025_overlap_period,2021,2025,78.1,80.6,2.5,4,0.625,,False
digital_informatization_overall,low_income,저소득층,index_general_population_100,primary_descriptive_period,2016,2025,77.3,97,19.7,9,2.189,,False
digital_informatization_overall,low_income,저소득층,index_general_population_100,api_2021_2025_overlap_period,2021,2025,95.4,97,1.6,4,0.4,,False
digital_informatization_overall,older_adults,고령층,index_general_population_100,primary_descriptive_period,2016,2025,54,71.8,17.8,9,1.978,,False
digital_informatization_overall,older_adults,고령층,index_general_population_100,api_2021_2025_overlap_period,2021,2025,69.1,71.8,2.7,4,0.675,,False
digital_informatization_overall,vulnerable_weighted,취약계층 평균,index_general_population_100,primary_descriptive_period,2016,2025,58.6,77.9,19.3,9,2.144,,False
digital_informatization_overall,vulnerable_weighted,취약계층 평균,index_general_population_100,api_2021_2025_overlap_period,2021,2025,75.4,77.9,2.5,4,0.625,,False
digital_informatization_utilization,disabled,장애인,index_general_population_100,primary_descriptive_period,2016,2025,64.6,84.3,19.7,9,2.189,,False
digital_informatization_utilization,disabled,장애인,index_general_population_100,api_2021_2025_overlap_period,2021,2025,81.5,84.3,2.8,4,0.7,,False
digital_informatization_utilization,farmers_fishers,농어민,index_general_population_100,primary_descriptive_period,2016,2025,59,80.5,21.5,9,2.389,,False
digital_informatization_utilization,farmers_fishers,농어민,index_general_population_100,api_2021_2025_overlap_period,2021,2025,78.1,80.5,2.4,4,0.6,,False
digital_informatization_utilization,low_income,저소득층,index_general_population_100,primary_descriptive_period,2016,2025,76.9,98.5,21.6,9,2.4,,False
digital_informatization_utilization,low_income,저소득층,index_general_population_100,api_2021_2025_overlap_period,2021,2025,96.3,98.5,2.2,4,0.55,,False
digital_informatization_utilization,older_adults,고령층,index_general_population_100,primary_descriptive_period,2016,2025,52.2,75.6,23.4,9,2.6,,False
digital_informatization_utilization,older_adults,고령층,index_general_population_100,api_2021_2025_overlap_period,2021,2025,72.3,75.6,3.3,4,0.825,,False
digital_informatization_utilization,vulnerable_weighted,취약계층 평균,index_general_population_100,primary_descriptive_period,2016,2025,59,80.5,21.5,9,2.389,,False
digital_informatization_utilization,vulnerable_weighted,취약계층 평균,index_general_population_100,api_2021_2025_overlap_period,2021,2025,77.6,80.5,2.9,4,0.725,,False
