indicator,population,population_label,unit,survey_year,value,general_population_reference,gap_index_points
digital_informatization_access,disabled,장애인,index_general_population_100,2025,98.1,100,1.9
digital_informatization_access,farmers_fishers,농어민,index_general_population_100,2025,97.2,100,2.8
digital_informatization_access,low_income,저소득층,index_general_population_100,2025,99.8,100,0.2
digital_informatization_access,older_adults,고령층,index_general_population_100,2025,95.4,100,4.6
digital_informatization_access,vulnerable_weighted,취약계층 평균,index_general_population_100,2025,96.6,100,3.4
digital_informatization_capability,disabled,장애인,index_general_population_100,2025,77,100,23
digital_informatization_capability,farmers_fishers,농어민,index_general_population_100,2025,72.4,100,27.6
digital_informatization_capability,low_income,저소득층,index_general_population_100,2025,94.1,100,5.9
digital_informatization_capability,older_adults,고령층,index_general_population_100,2025,56.2,100,43.8
digital_informatization_capability,vulnerable_weighted,취약계층 평균,index_general_population_100,2025,65.9,100,34.1
digital_informatization_overall,disabled,장애인,index_general_population_100,2025,84.1,100,15.9
digital_informatization_overall,farmers_fishers,농어민,index_general_population_100,2025,80.6,100,19.4
digital_informatization_overall,low_income,저소득층,index_general_population_100,2025,97,100,3
digital_informatization_overall,older_adults,고령층,index_general_population_100,2025,71.8,100,28.2
digital_informatization_overall,vulnerable_weighted,취약계층 평균,index_general_population_100,2025,77.9,100,22.1
digital_informatization_utilization,disabled,장애인,index_general_population_100,2025,84.3,100,15.7
digital_informatization_utilization,farmers_fishers,농어민,index_general_population_100,2025,80.5,100,19.5
digital_informatization_utilization,low_income,저소득층,index_general_population_100,2025,98.5,100,1.5
digital_informatization_utilization,older_adults,고령층,index_general_population_100,2025,75.6,100,24.4
digital_informatization_utilization,vulnerable_weighted,취약계층 평균,index_general_population_100,2025,80.5,100,19.5
