snapshot_date,geography_code,display_label,in_use_records_n,wheelchair_yes,wheelchair_no,wheelchair_unknown,wheelchair_yes_pct_all,wheelchair_unknown_pct_all,wheelchair_known_n,wheelchair_yes_pct_known,tactile_yes,tactile_no,tactile_unknown,tactile_yes_pct_all,tactile_unknown_pct_all,tactile_known_n,tactile_yes_pct_known
2026-10-03,11,서울특별시,772,713,59,0,92.357513,0.0,772,92.357513,261,511,0,33.80829,0.0,772,33.80829
2026-10-03,12,전남광주통합특별시,601,579,22,0,96.339434,0.0,601,96.339434,195,406,0,32.445923,0.0,601,32.445923
2026-10-03,26,부산광역시,264,261,3,0,98.863636,0.0,264,98.863636,20,244,0,7.575758,0.0,264,7.575758
2026-10-03,27,대구광역시,148,148,0,0,100.0,0.0,148,100.0,23,125,0,15.540541,0.0,148,15.540541
2026-10-03,28,인천광역시,225,196,29,0,87.111111,0.0,225,87.111111,20,205,0,8.888889,0.0,225,8.888889
2026-10-03,30,대전광역시,120,108,12,0,90.0,0.0,120,90.0,37,83,0,30.833333,0.0,120,30.833333
2026-10-03,31,울산광역시,145,118,27,0,81.37931,0.0,145,81.37931,71,74,0,48.965517,0.0,145,48.965517
2026-10-03,36,세종특별자치시,46,11,35,0,23.913043,0.0,46,23.913043,0,46,0,0.0,0.0,46,0.0
2026-10-03,41,경기도,1146,1049,97,0,91.535777,0.0,1146,91.535777,368,778,0,32.111693,0.0,1146,32.111693
2026-10-03,43,충청북도,277,243,34,0,87.725632,0.0,277,87.725632,90,187,0,32.490975,0.0,277,32.490975
2026-10-03,44,충청남도,426,400,26,0,93.896714,0.0,426,93.896714,109,317,0,25.586854,0.0,426,25.586854
2026-10-03,47,경상북도,493,439,54,0,89.046653,0.0,493,89.046653,113,380,0,22.920892,0.0,493,22.920892
2026-10-03,48,경상남도,490,448,42,0,91.428571,0.0,490,91.428571,88,402,0,17.959184,0.0,490,17.959184
2026-10-03,50,제주특별자치도,85,48,37,0,56.470588,0.0,85,56.470588,10,75,0,11.764706,0.0,85,11.764706
2026-10-03,51,강원특별자치도,301,270,31,0,89.700997,0.0,301,89.700997,88,213,0,29.23588,0.0,301,29.23588
2026-10-03,52,전북특별자치도,261,207,54,0,79.310345,0.0,261,79.310345,57,204,0,21.83908,0.0,261,21.83908
