product_code,product_name,month,change_rows,request_ids_with_changes,suppliers_with_changes,requesting_institutions,net_request_amount_krw,representative_device_change_rows,representative_device_net_quantity,representative_device_net_amount_krw,other_unit_or_option_rows,other_unit_or_option_net_amount_krw
4321151401,증명발급기,2025-01,105,103,5,83,2297300000,105,179,2297300000,0,0
4321151401,증명발급기,2025-02,119,113,5,95,3084960000,119,207,3084960000,0,0
4321151401,증명발급기,2025-03,95,89,4,68,5028082400,95,262,5028082400,0,0
4321151401,증명발급기,2025-04,53,52,5,38,2996796000,53,153,2996796000,0,0
4321151401,증명발급기,2025-05,47,46,3,44,1100250000,47,68,1100250000,0,0
4321151401,증명발급기,2025-06,22,22,3,20,609650000,22,41,609650000,0,0
4321151401,증명발급기,2025-07,21,21,3,19,641000000,21,49,641000000,0,0
4321151401,증명발급기,2025-08,11,11,3,10,324250000,11,21,324250000,0,0
4321151401,증명발급기,2025-09,37,37,4,32,869200000,37,69,869200000,0,0
4321151401,증명발급기,2025-10,30,30,3,25,869500000,30,47,869500000,0,0
4321151401,증명발급기,2025-11,37,37,3,29,905400000,37,58,905400000,0,0
4321151401,증명발급기,2025-12,40,39,5,31,5834047000,40,358,5834047000,0,0
4321151401,증명발급기,2026-01,188,183,5,147,5488888000,188,331,5488888000,0,0
4321151401,증명발급기,2026-02,90,87,5,70,2669650000,90,165,2669650000,0,0
4321151401,증명발급기,2026-03,102,99,5,74,2929130000,102,183,2929130000,0,0
4321151401,증명발급기,2026-04,43,38,5,33,1033640000,43,71,1033640000,0,0
4321151401,증명발급기,2026-05,22,22,4,21,1009532000,22,52,1009532000,0,0
4321151401,증명발급기,2026-06,31,30,5,20,658860000,31,52,658860000,0,0
4321151401,증명발급기,2026-07,11,11,3,9,183850000,11,13,183850000,0,0
4321151401,증명발급기,2026-08,21,20,4,18,381600000,21,26,381600000,0,0
4321151401,증명발급기,2026-09,22,22,3,20,447150000,22,34,447150000,0,0
4321151402,무인안내시스템,2025-01,0,0,0,0,0,0,0,0,0,0
4321151402,무인안내시스템,2025-02,0,0,0,0,0,0,0,0,0,0
4321151402,무인안내시스템,2025-03,0,0,0,0,0,0,0,0,0,0
4321151402,무인안내시스템,2025-04,1,1,1,1,56880000,1,2,56880000,0,0
4321151402,무인안내시스템,2025-05,0,0,0,0,0,0,0,0,0,0
4321151402,무인안내시스템,2025-06,0,0,0,0,0,0,0,0,0,0
4321151402,무인안내시스템,2025-07,0,0,0,0,0,0,0,0,0,0
4321151402,무인안내시스템,2025-08,0,0,0,0,0,0,0,0,0,0
4321151402,무인안내시스템,2025-09,0,0,0,0,0,0,0,0,0,0
4321151402,무인안내시스템,2025-10,0,0,0,0,0,0,0,0,0,0
4321151402,무인안내시스템,2025-11,0,0,0,0,0,0,0,0,0,0
4321151402,무인안내시스템,2025-12,1,1,1,1,64000000,1,2,64000000,0,0
4321151402,무인안내시스템,2026-01,0,0,0,0,0,0,0,0,0,0
4321151402,무인안내시스템,2026-02,1,1,1,1,32000000,1,1,32000000,0,0
4321151402,무인안내시스템,2026-03,0,0,0,0,0,0,0,0,0,0
4321151402,무인안내시스템,2026-04,0,0,0,0,0,0,0,0,0,0
4321151402,무인안내시스템,2026-05,0,0,0,0,0,0,0,0,0,0
4321151402,무인안내시스템,2026-06,0,0,0,0,0,0,0,0,0,0
4321151402,무인안내시스템,2026-07,0,0,0,0,0,0,0,0,0,0
4321151402,무인안내시스템,2026-08,0,0,0,0,0,0,0,0,0,0
4321151402,무인안내시스템,2026-09,0,0,0,0,0,0,0,0,0,0
4321151403,버스및차량정보안내장치,2025-01,12,5,1,1,631405000,0,0,0,12,631405000
4321151403,버스및차량정보안내장치,2025-02,10,4,1,3,198618000,0,0,0,10,198618000
4321151403,버스및차량정보안내장치,2025-03,20,13,2,12,1549465000,2,2,13842000,18,1535623000
4321151403,버스및차량정보안내장치,2025-04,22,13,1,9,1060821000,4,10,70030000,18,990791000
4321151403,버스및차량정보안내장치,2025-05,13,10,2,6,854490600,5,11,87718600,8,766772000
4321151403,버스및차량정보안내장치,2025-06,19,16,2,10,2121942200,6,40,274625200,13,1847317000
4321151403,버스및차량정보안내장치,2025-07,18,13,2,10,428249000,6,25,143512400,12,284736600
4321151403,버스및차량정보안내장치,2025-08,15,12,2,9,710153400,11,89,589999400,4,120154000
4321151403,버스및차량정보안내장치,2025-09,18,16,2,11,427381600,4,11,78366800,14,349014800
4321151403,버스및차량정보안내장치,2025-10,12,10,2,9,413007800,7,33,218932600,5,194075200
4321151403,버스및차량정보안내장치,2025-11,12,12,2,9,249877800,10,24,150613800,2,99264000
4321151403,버스및차량정보안내장치,2025-12,7,6,1,6,291564600,0,0,0,7,291564600
4321151403,버스및차량정보안내장치,2026-01,3,3,2,3,91426800,3,13,91426800,0,0
4321151403,버스및차량정보안내장치,2026-02,7,5,2,5,678389800,7,94,678389800,0,0
4321151403,버스및차량정보안내장치,2026-03,15,10,2,10,716270400,15,104,716270400,0,0
4321151403,버스및차량정보안내장치,2026-04,39,17,2,14,1721280800,37,219,1728661800,2,-7381000
4321151403,버스및차량정보안내장치,2026-05,28,16,3,11,1481715200,28,221,1481715200,0,0
4321151403,버스및차량정보안내장치,2026-06,18,11,3,10,813710400,18,104,813710400,0,0
4321151403,버스및차량정보안내장치,2026-07,16,8,3,7,462881600,16,67,462881600,0,0
4321151403,버스및차량정보안내장치,2026-08,16,11,3,10,550451400,16,73,550451400,0,0
4321151403,버스및차량정보안내장치,2026-09,24,16,3,12,1046248400,24,149,1046248400,0,0
