scope,month,change_rows,request_ids_with_changes,suppliers_with_changes,requesting_institutions,net_request_amount_krw,representative_device_change_rows,representative_device_net_quantity,representative_device_net_amount_krw,other_unit_or_option_rows,other_unit_or_option_net_amount_krw
core_kiosks,2025-01,105,103,5,83,2297300000,105,179,2297300000,0,0
core_kiosks,2025-02,119,113,5,95,3084960000,119,207,3084960000,0,0
core_kiosks,2025-03,95,89,4,68,5028082400,95,262,5028082400,0,0
core_kiosks,2025-04,54,53,6,38,3053676000,54,155,3053676000,0,0
core_kiosks,2025-05,47,46,3,44,1100250000,47,68,1100250000,0,0
core_kiosks,2025-06,22,22,3,20,609650000,22,41,609650000,0,0
core_kiosks,2025-07,21,21,3,19,641000000,21,49,641000000,0,0
core_kiosks,2025-08,11,11,3,10,324250000,11,21,324250000,0,0
core_kiosks,2025-09,37,37,4,32,869200000,37,69,869200000,0,0
core_kiosks,2025-10,30,30,3,25,869500000,30,47,869500000,0,0
core_kiosks,2025-11,37,37,3,29,905400000,37,58,905400000,0,0
core_kiosks,2025-12,41,40,6,32,5898047000,41,360,5898047000,0,0
core_kiosks,2026-01,188,183,5,147,5488888000,188,331,5488888000,0,0
core_kiosks,2026-02,91,88,6,71,2701650000,91,166,2701650000,0,0
core_kiosks,2026-03,102,99,5,74,2929130000,102,183,2929130000,0,0
core_kiosks,2026-04,43,38,5,33,1033640000,43,71,1033640000,0,0
core_kiosks,2026-05,22,22,4,21,1009532000,22,52,1009532000,0,0
core_kiosks,2026-06,31,30,5,20,658860000,31,52,658860000,0,0
core_kiosks,2026-07,11,11,3,9,183850000,11,13,183850000,0,0
core_kiosks,2026-08,21,20,4,18,381600000,21,26,381600000,0,0
core_kiosks,2026-09,22,22,3,20,447150000,22,34,447150000,0,0
computer_kiosk_class_all,2025-01,117,108,6,83,2928705000,105,179,2297300000,12,631405000
computer_kiosk_class_all,2025-02,129,117,6,98,3283578000,119,207,3084960000,10,198618000
computer_kiosk_class_all,2025-03,115,102,6,79,6577547400,97,264,5041924400,18,1535623000
computer_kiosk_class_all,2025-04,76,66,7,47,4114497000,58,165,3123706000,18,990791000
computer_kiosk_class_all,2025-05,60,56,5,50,1954740600,52,79,1187968600,8,766772000
computer_kiosk_class_all,2025-06,41,38,5,30,2731592200,28,81,884275200,13,1847317000
computer_kiosk_class_all,2025-07,39,34,5,29,1069249000,27,74,784512400,12,284736600
computer_kiosk_class_all,2025-08,26,23,5,19,1034403400,22,110,914249400,4,120154000
computer_kiosk_class_all,2025-09,55,53,6,42,1296581600,41,80,947566800,14,349014800
computer_kiosk_class_all,2025-10,42,40,5,33,1282507800,37,80,1088432600,5,194075200
computer_kiosk_class_all,2025-11,49,49,5,37,1155277800,47,82,1056013800,2,99264000
computer_kiosk_class_all,2025-12,48,46,7,38,6189611600,41,360,5898047000,7,291564600
computer_kiosk_class_all,2026-01,191,186,7,150,5580314800,191,344,5580314800,0,0
computer_kiosk_class_all,2026-02,98,93,8,76,3380039800,98,260,3380039800,0,0
computer_kiosk_class_all,2026-03,117,109,7,81,3645400400,117,287,3645400400,0,0
computer_kiosk_class_all,2026-04,82,55,7,45,2754920800,80,290,2762301800,2,-7381000
computer_kiosk_class_all,2026-05,50,38,7,32,2491247200,50,273,2491247200,0,0
computer_kiosk_class_all,2026-06,49,41,8,29,1472570400,49,156,1472570400,0,0
computer_kiosk_class_all,2026-07,27,19,6,16,646731600,27,80,646731600,0,0
computer_kiosk_class_all,2026-08,37,31,7,28,932051400,37,99,932051400,0,0
computer_kiosk_class_all,2026-09,46,38,6,32,1493398400,46,183,1493398400,0,0
