id,names,presence,rows_2025,rows_2026,quantity_2025,quantity_2026,quantity_difference,amount_2025,amount_2026,amount_difference
3220000,서울특별시 강남구,both,6,2,40,4,-36,880280000,65200000,-815080000
3180000,서울특별시 영등포구,both,2,4,33,5,-28,390900000,38900000,-352000000
3030000,서울특별시 성동구,both,5,1,25,1,-24,541356000,23000000,-518356000
3130000,서울특별시 마포구,both,2,1,24,2,-22,435800000,15600000,-420200000
3110000,서울특별시 은평구,both,2,2,21,2,-19,438900000,32600000,-406300000
3200000,서울특별시 관악구,both,2,1,19,1,-18,420050000,7750000,-412300000
3050000,서울특별시 동대문구,both,3,2,19,2,-17,437200000,15600000,-421600000
3090000,서울특별시 도봉구,2025_only,2,0,16,0,-16,346700000,0,-346700000
3150000,서울특별시 강서구,both,4,2,17,2,-15,267050000,15600000,-251450000
3240000,서울특별시 강동구,both,4,2,18,3,-15,357742400,62700000,-295042400
3070000,서울특별시 성북구,both,4,4,18,4,-14,412400000,48200000,-364200000
3000000,서울특별시 종로구,2025_only,4,0,11,0,-11,212800000,0,-212800000
3190000,서울특별시 동작구,2025_only,7,0,11,0,-11,271800000,0,-271800000
3140000,서울특별시 양천구,both,5,1,11,1,-10,170860000,7860000,-163000000
3100000,서울특별시 노원구,both,2,1,10,1,-9,236000000,23000000,-213000000
3210000,서울특별시 서초구,both,4,5,34,25,-9,457300000,270250000,-187050000
3010000,서울특별시 중구,both,3,4,12,4,-8,219600000,31200000,-188400000
3230000,서울특별시 송파구,both,3,1,10,2,-8,174200000,15600000,-158600000
3730000,울산광역시 울주군,both,4,3,16,8,-8,192200000,147250000,-44950000
4550000,충청남도 금산군,2025_only,2,0,8,0,-8,114750000,0,-114750000
5830000,전남광주통합특별시 담양군,2025_only,2,0,8,0,-8,96100000,0,-96100000
4140000,경기도 연천군,2025_only,2,0,7,0,-7,173600000,0,-173600000
4590000,충청남도 청양군,2025_only,5,0,7,0,-7,108600000,0,-108600000
3040000,서울특별시 광진구,both,2,1,6,1,-5,131800000,24800000,-107000000
3950000,경기도 고양시 덕양구,2025_only,3,0,5,0,-5,117000000,0,-117000000
4181000,강원특별자치도 춘천시,both,2,1,6,1,-5,80800000,24800000,-56000000
3020000,서울특별시 용산구,both,2,1,5,1,-4,38000000,19800000,-18200000
3170000,서울특별시 금천구,both,2,1,6,2,-4,133300000,15600000,-117700000
3561000,인천광역시 서해구,both,3,1,7,3,-4,54600000,23400000,-31200000
3570000,인천광역시 강화군,both,1,1,7,3,-4,173600000,74400000,-99200000
3830000,경기도 안양시,2025_only,2,0,4,0,-4,67350000,0,-67350000
5150000,경상북도 의성군,2025_only,2,0,4,0,-4,99200000,0,-99200000
5670156,경상남도 창원시 마산합포구,2025_only,2,0,4,0,-4,47200000,0,-47200000
5670184,경상남도 창원시 마산회원구,2025_only,2,0,4,0,-4,47200000,0,-47200000
5875000,전남광주통합특별시 영암군,both,2,1,5,1,-4,90000000,7800000,-82200000
3060000,서울특별시 중랑구,both,3,1,5,2,-3,73000000,15600000,-57400000
3120000,서울특별시 서대문구,both,3,1,8,5,-3,160750000,39000000,-121750000
3320000,부산광역시 북구,2025_only,2,0,3,0,-3,47400000,0,-47400000
3360000,부산광역시 강서구,2025_only,2,0,3,0,-3,33500000,0,-33500000
3740000,경기도 수원시,both,2,1,5,2,-3,107000000,49600000,-57400000
4251000,강원특별자치도 홍천군,2025_only,2,0,3,0,-3,74400000,0,-74400000
5020000,경상북도 포항시,both,6,3,6,3,-3,106850000,47400000,-59450000
5360000,경상남도 밀양시,both,4,2,6,3,-3,46500000,23200000,-23300000
5440000,경상남도 하동군,2025_only,1,0,3,0,-3,65400000,0,-65400000
5560000,경기도 안산시 단원구,2025_only,2,0,3,0,-3,63400000,0,-63400000
5580000,충청남도 계룡시,2025_only,2,0,3,0,-3,23320000,0,-23320000
5620000,경기도 용인시 처인구,2025_only,2,0,3,0,-3,40400000,0,-40400000
5730000,충청북도 청주시 흥덕구,both,2,1,6,3,-3,96480000,72900000,-23580000
5825000,전남광주통합특별시 광산구,both,3,2,5,2,-3,99100000,33800000,-65300000
3160000,서울특별시 구로구,both,1,2,4,2,-2,79200000,42850000,-36350000
3290032,부산광역시 부산진구 양정2동,2025_only,1,0,2,0,-2,15600000,0,-15600000
3290039,부산광역시 부산진구 부암1동,2025_only,1,0,2,0,-2,15600000,0,-15600000
3290042,부산광역시 부산진구 당감1동,2025_only,1,0,2,0,-2,15600000,0,-15600000
3290049,부산광역시 부산진구 개금1동,2025_only,1,0,2,0,-2,15600000,0,-15600000
3290053,부산광역시 부산진구 범천2동,2025_only,1,0,2,0,-2,15600000,0,-15600000
3370028,부산광역시 연제구 연산1동,2025_only,1,0,2,0,-2,15600000,0,-15600000
3400000,부산광역시 기장군,both,3,2,4,2,-2,85200000,44800000,-40400000
3400019,부산광역시 기장군 철마면,2025_only,1,0,2,0,-2,15720000,0,-15720000
3480000,대구광역시 달성군,both,3,1,3,1,-2,61100000,23000000,-38100000
3700000,울산광역시 남구,2025_only,2,0,2,0,-2,49600000,0,-49600000
3800000,경기도 성남시 중원구,both,2,1,3,1,-2,71400000,23000000,-48400000
3840000,경기도 안양시 만안구,2025_only,1,0,2,0,-2,15600000,0,-15600000
3840016,경기도 안양시 만안구 안양6동,2025_only,1,0,2,0,-2,15600000,0,-15600000
3840043,경기도 안양시 만안구 호현동,2025_only,1,0,2,0,-2,15600000,0,-15600000
3850022,경기도 안양시 동안구 호계1동,2025_only,2,0,2,0,-2,15600000,0,-15600000
3960100,경기도 고양시 일산동구,2025_only,2,0,2,0,-2,47600000,0,-47600000
4010000,경기도 시흥시,both,2,1,7,5,-2,105600000,39000000,-66600000
4070000,경기도 이천시,2025_only,1,0,2,0,-2,49600000,0,-49600000
4090249,경기도 김포시 양촌읍,2025_only,2,0,2,0,-2,31650000,0,-31650000
4160000,경기도 가평군,2025_only,2,0,2,0,-2,41600000,0,-41600000
4430000,충청북도 옥천군,2025_only,1,0,2,0,-2,49600000,0,-49600000
4500058,충청남도 공주시 의당면,2025_only,2,0,2,0,-2,33300000,0,-33300000
4500234,충청남도 공주시 월송동,2025_only,1,0,2,0,-2,39600000,0,-39600000
4600181,충청남도 홍성군 홍북읍,2025_only,1,0,2,0,-2,15720000,0,-15720000
5080000,경상북도 구미시,both,5,3,5,3,-2,123000000,74400000,-48600000
5540000,경기도 광주시,2025_only,1,0,2,0,-2,15500000,0,-15500000
5600000,경기도 포천시,2025_only,1,0,2,0,-2,49600000,0,-49600000
5650000,충청남도 천안시 동남구,both,2,1,3,1,-2,74400000,7800000,-66600000
5660000,충청남도 천안시 서북구,2025_only,1,0,2,0,-2,49600000,0,-49600000
5845000,전남광주통합특별시 고흥군,2025_only,2,0,2,0,-2,48600000,0,-48600000
3190041,서울특별시 동작구 상도1동,2025_only,1,0,1,0,-1,7800000,0,-7800000
3250000,부산광역시 중구,2025_only,1,0,1,0,-1,21800000,0,-21800000
3290046,부산광역시 부산진구 가야1동,2025_only,1,0,1,0,-1,7800000,0,-7800000
3330128,부산광역시 해운대구 우3동,2025_only,1,0,1,0,-1,6850000,0,-6850000
3360028,부산광역시 강서구 강동동,2025_only,1,0,1,0,-1,7800000,0,-7800000
3390031,부산광역시 사상구 괘법동,2025_only,1,0,1,0,-1,7800000,0,-7800000
3430000,대구광역시 서구,2025_only,1,0,1,0,-1,24800000,0,-24800000
3480024,대구광역시 달성군 하빈면,2025_only,1,0,1,0,-1,7750000,0,-7750000
3480029,대구광역시 달성군 구지면,2025_only,1,0,1,0,-1,7800000,0,-7800000
3480042,대구광역시 달성군 논공읍,2025_only,1,0,1,0,-1,7800000,0,-7800000
3490000,인천광역시 중구,2025_only,1,0,1,0,-1,7800000,0,-7800000
3530033,인천광역시 남동구 만수6동,2025_only,1,0,1,0,-1,7800000,0,-7800000
3530119,인천광역시 남동구 논현고잔동,2025_only,1,0,1,0,-1,7800000,0,-7800000
3640000,대전광역시 동구,2025_only,1,0,1,0,-1,24800000,0,-24800000
3680000,대전광역시 대덕구,2025_only,1,0,1,0,-1,24800000,0,-24800000
3710000,울산광역시 동구,both,1,1,2,1,-1,47600000,21800000,-25800000
3770000,경기도 수원시 팔달구,both,2,1,4,3,-1,31200000,23400000,-7800000
3810029,경기도 성남시 분당구 구미동,2025_only,1,0,1,0,-1,7600000,0,-7600000
3810040,경기도 성남시 분당구 서현1동,2025_only,1,0,1,0,-1,7800000,0,-7800000
3840014,경기도 안양시 만안구 안양4동,2025_only,1,0,1,0,-1,7800000,0,-7800000
3840042,경기도 안양시 만안구 박달동,2025_only,1,0,1,0,-1,7800000,0,-7800000
3850018,경기도 안양시 동안구 부림동,2025_only,1,0,1,0,-1,7800000,0,-7800000
3850023,경기도 안양시 동안구 호계2동,2025_only,1,0,1,0,-1,7800000,0,-7800000
3860405,경기도 부천시 중2동,2025_only,1,0,1,0,-1,7800000,0,-7800000
3871014,경기도 부천시 원미구 원미2동,2025_only,1,0,1,0,-1,7800000,0,-7800000
3871015,경기도 부천시 원미구 소사동,2025_only,1,0,1,0,-1,7800000,0,-7800000
3871018,경기도 부천시 원미구 춘의동,2025_only,1,0,1,0,-1,7800000,0,-7800000
3871020,약대동 행정복지센터,2025_only,1,0,1,0,-1,7800000,0,-7800000
3871021,경기도 부천시 원미구 중동,2025_only,1,0,1,0,-1,7800000,0,-7800000
3881013,경기도 부천시 소사구 소사본1동,2025_only,1,0,1,0,-1,7800000,0,-7800000
3891014,경기도 부천시 오정구 고강1동,2025_only,1,0,1,0,-1,7800000,0,-7800000
3920026,경기도 동두천시 소요동,2025_only,1,0,1,0,-1,7800000,0,-7800000
3960056,경기도 고양시 일산동구 마두1동,2025_only,1,0,1,0,-1,7800000,0,-7800000
4020036,경기도 군포시 산본1동,2025_only,1,0,1,0,-1,7600000,0,-7600000
4020040,경기도 군포시 오금동,2025_only,1,0,1,0,-1,7600000,0,-7600000
4020041,경기도 군포시 수리동,2025_only,1,0,1,0,-1,7600000,0,-7600000
4030029,경기도 의왕시 오전동,2025_only,1,0,1,0,-1,7800000,0,-7800000
4030032,경기도 의왕시 청계동,2025_only,1,0,1,0,-1,7800000,0,-7800000
4050137,경기도 용인시 성복동,2025_only,1,0,1,0,-1,7800000,0,-7800000
4060000,경기도 파주시,both,1,1,2,1,-1,15600000,24800000,9200000
4070031,경기도 이천시 부발읍,2025_only,1,0,1,0,-1,7800000,0,-7800000
4070032,경기도 이천시 신둔면,2025_only,1,0,1,0,-1,7800000,0,-7800000
4070034,경기도 이천시 호법면,2025_only,1,0,1,0,-1,7800000,0,-7800000
4070035,경기도 이천시 마장면,2025_only,1,0,1,0,-1,7600000,0,-7600000
4090039,경기도 김포시 대곶면,2025_only,1,0,1,0,-1,7800000,0,-7800000
4090086,경기도 김포시 통진읍,2025_only,1,0,1,0,-1,7800000,0,-7800000
4100100,고양시 일산서구청,2025_only,1,0,1,0,-1,21800000,0,-21800000
4160024,경기도 가평군 가평읍,2025_only,1,0,1,0,-1,7750000,0,-7750000
4170000,경기도 양평군,both,1,2,3,2,-1,74400000,49600000,-24800000
4191100,강원특별자치도 원주시 반곡관설동,2025_only,1,0,1,0,-1,7800000,0,-7800000
4201000,강원특별자치도 강릉시,2025_only,1,0,1,0,-1,21800000,0,-21800000
4241055,강원특별자치도 삼척시 도계읍,2025_only,1,0,1,0,-1,24800000,0,-24800000
4311000,강원특별자치도 화천군,2025_only,1,0,1,0,-1,21800000,0,-21800000
4321000,강원특별자치도 양구군,2025_only,1,0,1,0,-1,24800000,0,-24800000
4351000,강원특별자치도 양양군,2025_only,1,0,1,0,-1,8500000,0,-8500000
4390055,충청북도 충주시 엄정면,2025_only,1,0,1,0,-1,7860000,0,-7860000
4390057,충청북도 충주시 성내.충인동,2025_only,1,0,1,0,-1,7860000,0,-7860000
4400000,충청북도 제천시,both,1,3,5,4,-1,110350000,65200000,-45150000
4420000,충청북도 보은군,2025_only,1,0,1,0,-1,24800000,0,-24800000
4490099,충청남도 천안시 쌍용2동,2025_only,1,0,1,0,-1,7800000,0,-7800000
4500052,충청남도 공주시 유구읍,2025_only,1,0,1,0,-1,19800000,0,-19800000
4500053,충청남도 공주시 이인면,2025_only,1,0,1,0,-1,19800000,0,-19800000
4500056,충청남도 공주시 반포면,2025_only,1,0,1,0,-1,19800000,0,-19800000
4500059,충청남도 공주시 정안면,2025_only,1,0,1,0,-1,19800000,0,-19800000
4500062,충청남도 공주시 신풍면,2025_only,1,0,1,0,-1,19800000,0,-19800000
4500063,충청남도 공주시 중학동,2025_only,1,0,1,0,-1,19800000,0,-19800000
4500066,충청남도 공주시 웅진동,2025_only,1,0,1,0,-1,19800000,0,-19800000
4530000,충청남도 서산시,2025_only,1,0,1,0,-1,21800000,0,-21800000
4530072,충청남도 서산시 해미면,2025_only,1,0,1,0,-1,7800000,0,-7800000
4540042,충청남도 논산시 강경읍,2025_only,1,0,1,0,-1,7600000,0,-7600000
4580035,충청남도 서천군 마서면,2025_only,1,0,1,0,-1,19800000,0,-19800000
4600044,충청남도 홍성군 은하면,2025_only,1,0,1,0,-1,7860000,0,-7860000
4681000,전북특별자치도 익산시,2025_only,1,0,1,0,-1,19800000,0,-19800000
4691000,전북특별자치도 정읍시,2025_only,1,0,1,0,-1,19800000,0,-19800000
4700067,전라북도 남원시 도통동,2025_only,1,0,1,0,-1,7750000,0,-7750000
4781000,전북특별자치도 고창군,2025_only,3,0,1,0,-1,23800000,0,-23800000
5050000,경상북도 경주시,both,3,2,3,2,-1,59450000,27600000,-31850000
5050057,경상북도 경주시 안강읍,2025_only,1,0,1,0,-1,19850000,0,-19850000
5060000,경상북도 김천시,both,4,3,6,5,-1,97800000,73000000,-24800000
5070059,경상북도 안동시 명륜동,2025_only,1,0,1,0,-1,7800000,0,-7800000
5070065,경상북도 안동시 안기동,2025_only,1,0,1,0,-1,7800000,0,-7800000
5120000,경상북도 문경시,both,2,1,2,1,-1,41600000,21800000,-19800000
5120069,경상북도 문경시 점촌5동,2025_only,1,0,1,0,-1,7800000,0,-7800000
5130038,경상북도 경산시 진량읍,2025_only,1,0,1,0,-1,7700000,0,-7700000
5141045,대구광역시 군위군 군위읍,2025_only,1,0,1,0,-1,7800000,0,-7800000
5190000,경상북도 청도군,2025_only,1,0,1,0,-1,19800000,0,-19800000
5230000,경상북도 예천군,2025_only,1,0,1,0,-1,24800000,0,-24800000
5250000,경상북도 울진군,both,3,2,3,2,-1,35510000,43600000,8090000
5340000,경상남도 사천시,both,4,3,2,1,-1,15400000,7600000,-7800000
5370044,경상남도 거제시 일운면,2025_only,1,0,1,0,-1,7800000,0,-7800000
5370049,경상남도 거제시 연초면,2025_only,1,0,1,0,-1,7800000,0,-7800000
5370058,경상남도 거제시 옥포2동,2025_only,1,0,1,0,-1,7750000,0,-7750000
5370124,경상남도 거제시 고현동,2025_only,1,0,1,0,-1,7750000,0,-7750000
5370125,경상남도 거제시 상문동,2025_only,1,0,1,0,-1,7800000,0,-7800000
5470000,경상남도 거창군,2025_only,1,0,1,0,-1,19850000,0,-19850000
5540034,경기도 광주시 퇴촌면,2025_only,1,0,1,0,-1,7750000,0,-7750000
5540048,경기도 광주시 경안동,2025_only,1,0,1,0,-1,7800000,0,-7800000
5540205,경기도 광주시 남한산성면,2025_only,1,0,1,0,-1,7750000,0,-7750000
5620033,경기도 용인시 처인구 이동읍,2025_only,1,0,1,0,-1,7800000,0,-7800000
5630000,경기도 용인시 기흥구,2025_only,1,0,1,0,-1,19800000,0,-19800000
5630016,경기도 용인시 기흥구 보정동,2025_only,1,0,1,0,-1,7800000,0,-7800000
5650008,충청남도 천안시 동남구 목천읍,2025_only,1,0,1,0,-1,7800000,0,-7800000
5670123,경상남도 창원시 의창구,both,1,1,2,1,-1,39600000,19800000,-19800000
5670206,경상남도 창원시 진해구,2025_only,1,0,1,0,-1,19800000,0,-19800000
5680000,충청남도 당진시,both,2,2,5,4,-1,63000000,79250000,16250000
5700000,경기도 여주시,2025_only,1,0,1,0,-1,21800000,0,-21800000
5795000,전남광주통합특별시 나주시,both,4,2,4,3,-1,55250000,59450000,4200000
5805044,전남광주통합특별시 동구 계림2동,2025_only,1,0,1,0,-1,7800000,0,-7800000
5805053,전남광주통합특별시 동구 지원2동,2025_only,1,0,1,0,-1,7800000,0,-7800000
5825080,전남광주통합특별시 광산구 신가동,2025_only,1,0,1,0,-1,7800000,0,-7800000
5835000,전남광주통합특별시 곡성군,2025_only,1,0,1,0,-1,23800000,0,-23800000
5850000,전남광주통합특별시 보성군,2025_only,1,0,1,0,-1,7800000,0,-7800000
5890000,전남광주통합특별시 영광군,both,2,1,3,2,-1,40400000,49600000,9200000
5895000,전남광주통합특별시 장성군,2025_only,1,0,1,0,-1,21800000,0,-21800000
5900000,전남광주통합특별시 완도군,both,2,1,2,1,-1,49600000,7800000,-41800000
5910000,전남광주통합특별시 신안군,2025_only,1,0,1,0,-1,24800000,0,-24800000
6520030,제주특별자치도 서귀포시 성산읍,2025_only,1,0,1,0,-1,23800000,0,-23800000
3810000,경기도 성남시 분당구,both,1,2,3,3,0,71400000,74400000,3000000
3970000,경기도 과천시,both,2,1,2,2,0,49600000,49600000,0
4020033,경기도 군포시 군포1동,both,1,1,1,1,0,7600000,7600000,0
4020043,경기도 군포시 대야동,both,1,1,1,1,0,7600000,7600000,0
4390045,충청북도 충주시 살미면,both,1,1,1,1,0,7860000,24800000,16940000
4771000,전북특별자치도 순창군,both,1,1,1,1,0,23800000,23800000,0
5180000,경상북도 영덕군,both,2,2,4,4,0,66600000,65100000,-1500000
5210000,경상북도 성주군,both,1,1,1,1,0,24800000,24800000,0
5330000,경상남도 통영시,both,2,2,2,2,0,39700000,39800000,100000
5370126,경상남도 거제시 수양동,both,1,1,1,1,0,7600000,7600000,0
5690000,세종특별자치시,both,1,1,2,2,0,15600000,15720000,120000
5735000,충청북도 청주시 청원구,both,2,2,6,6,0,93450000,96480000,3030000
3190042,서울특별시 동작구 상도2동,2026_only,0,1,0,1,1,0,7800000,7800000
3290026,부산광역시 부산진구 부전1동,2026_only,0,1,0,1,1,0,7800000,7800000
3290030,부산광역시 부산진구 초읍동,2026_only,0,1,0,1,1,0,7800000,7800000
3290035,부산광역시 부산진구 전포1동,2026_only,0,1,0,1,1,0,7800000,7800000
3290043,부산광역시 부산진구 당감2동,2026_only,0,1,0,1,1,0,7800000,7800000
3370032,부산광역시 연제구 연산5동,2026_only,0,1,0,1,1,0,7800000,7800000
3390025,부산광역시 사상구 삼락동,2026_only,0,1,0,1,1,0,7800000,7800000
3410000,대구광역시 중구,2026_only,0,1,0,1,1,0,23000000,23000000
3501000,인천광역시 제물포구,2026_only,0,1,0,1,1,0,21800000,21800000
3510500,인천광역시 미추홀구,both,2,3,3,4,1,37400000,62200000,24800000
3520000,인천광역시 연수구,2026_only,0,1,0,1,1,0,23000000,23000000
3820038,경기도 의정부시 신곡2동,2026_only,0,1,0,1,1,0,7600000,7600000
3840015,경기도 안양시 만안구 안양5동,2026_only,0,1,0,1,1,0,7800000,7800000
3840017,경기도 안양시 만안구 안양7동,2026_only,0,1,0,1,1,0,7800000,7800000
3840021,경기도 안양시 만안구 석수2동,2026_only,0,1,0,1,1,0,7800000,7800000
3850013,경기도 안양시 동안구 비산3동,2026_only,0,1,0,1,1,0,7800000,7800000
3850014,경기도 안양시 동안구 부흥동,2026_only,0,1,0,1,1,0,7800000,7800000
3850021,경기도 안양시 동안구 귀인동,2026_only,0,1,0,1,1,0,7800000,7800000
3850026,경기도 안양시 동안구 신촌동,2026_only,0,1,0,1,1,0,7800000,7800000
3850044,경기도 안양시 동안구 관양동,2026_only,0,1,0,1,1,0,7800000,7800000
3850045,경기도 안양시 동안구 인덕원동,2026_only,0,1,0,1,1,0,7800000,7800000
3900051,경기도 광명시 소하2동,2026_only,0,1,0,1,1,0,7800000,7800000
3950068,경기도 고양시 덕양구 삼송1동,2026_only,0,1,0,1,1,0,7800000,7800000
4020037,경기도 군포시 산본2동,both,1,1,1,2,1,7600000,15200000,7600000
4030000,경기도 의왕시,2026_only,0,1,0,1,1,0,21800000,21800000
4090000,경기도 김포시,2026_only,0,1,0,1,1,0,24800000,24800000
4090284,경기도 김포시 구래동,2026_only,0,1,0,1,1,0,24800000,24800000
4090330,경기도 김포시 김포본동,2026_only,0,1,0,1,1,0,24800000,24800000
4090331,경기도 김포시 장기본동,2026_only,0,1,0,1,1,0,24800000,24800000
4100136,경기도 고양시 일산서구 탄현1동,2026_only,0,1,0,1,1,0,7800000,7800000
4201047,강원특별자치도 강릉시 중앙동,2026_only,0,1,0,1,1,0,21800000,21800000
4231000,강원특별자치도 속초시,2026_only,0,3,0,1,1,0,23800000,23800000
4241000,강원특별자치도 삼척시,2026_only,0,1,0,1,1,0,24800000,24800000
4241060,강원특별자치도 삼척시 근덕면,2026_only,0,1,0,1,1,0,7600000,7600000
4241068,강원특별자치도 삼척시 성내동,2026_only,0,1,0,1,1,0,7600000,7600000
4261000,강원특별자치도 횡성군,both,1,2,1,2,1,19800000,39600000,19800000
4331000,강원특별자치도 인제군,2026_only,0,1,0,1,1,0,24800000,24800000
4390044,충청북도 충주시 주덕읍,2026_only,0,1,0,1,1,0,7860000,7860000
4390048,충청북도 충주시 신니면,2026_only,0,1,0,1,1,0,24800000,24800000
4390049,충청북도 충주시 노은면,2026_only,0,1,0,1,1,0,24800000,24800000
4390054,충청북도 충주시 산척면,2026_only,0,1,0,1,1,0,24800000,24800000
4390056,충청북도 충주시 소태면,2026_only,0,1,0,1,1,0,24800000,24800000
4390066,충청북도 충주시 봉방동,2026_only,0,1,0,1,1,0,7800000,7800000
4390068,충청북도 충주시 연수동,2026_only,0,1,0,1,1,0,7860000,7860000
4390080,충청북도 충주시 호암.직동,2026_only,0,1,0,1,1,0,7800000,7800000
4390187,충청북도 충주시 중앙탑면,2026_only,0,1,0,1,1,0,24800000,24800000
4440000,충청북도 영동군,both,1,1,1,2,1,19800000,15720000,-4080000
4450000,충청북도 진천군,2026_only,0,1,0,1,1,0,24800000,24800000
4520050,충청남도 아산시 염치읍,2026_only,0,1,0,1,1,0,7800000,7800000
4610000,충청남도 예산군,2026_only,0,1,0,1,1,0,19850000,19850000
4620000,충청남도 태안군,2026_only,0,1,0,1,1,0,21800000,21800000
4651000,전북특별자치도 전주시 완산구,both,2,2,2,3,1,39650000,23200000,-16450000
4691067,전북특별자치도 정읍시 내장상동,2026_only,0,1,0,1,1,0,7750000,7750000
4700063,전라북도 남원시 노암동,2026_only,0,1,0,1,1,0,7750000,7750000
4711000,전북특별자치도 김제시,2026_only,0,1,0,1,1,0,19800000,19800000
4721000,전북특별자치도 완주군,both,1,1,1,2,1,21800000,43600000,21800000
5050070,경상북도 경주시 황오동,2026_only,0,1,0,1,1,0,19800000,19800000
5070000,경상북도 안동시,2026_only,0,1,0,1,1,0,24800000,24800000
5100000,경상북도 영천시,2026_only,0,1,0,1,1,0,24800000,24800000
5130100,경상북도 경산시 서부1동,2026_only,0,1,0,1,1,0,7700000,7700000
5160000,경상북도 청송군,2026_only,0,1,0,1,1,0,19800000,19800000
5340049,경상남도 사천시 용현면,2026_only,0,1,0,1,1,0,7600000,7600000
5370000,경상남도 거제시,both,2,2,5,6,1,67300000,60300000,-7000000
5380113,경상남도 양산시 웅상출장소,2026_only,0,1,0,1,1,0,23000000,23000000
5430000,경상남도 남해군,both,1,2,2,3,1,15500000,40300000,24800000
5540083,경기도 광주시 초월읍,2026_only,0,1,0,1,1,0,7750000,7750000
5540311,경기도 광주시 오포1동,2026_only,0,1,0,1,1,0,7750000,7750000
5550000,경기도 안산시 상록구,both,2,2,2,3,1,43600000,65400000,21800000
5590025,경기도 양주시 백석읍,2026_only,0,1,0,1,1,0,7800000,7800000
5590030,경기도 양주시 양주1동,2026_only,0,1,0,1,1,0,7600000,7600000
5640000,경기도 용인시 수지구,2026_only,0,1,0,1,1,0,23000000,23000000
5670000,경상남도 창원시,both,2,3,13,14,1,58370000,60920000,2550000
5720000,충청북도 청주시 상당구,both,2,2,6,7,1,96480000,120780000,24300000
5785000,전남광주통합특별시 여수시,both,1,2,1,2,1,19800000,39600000,19800000
5805041,전남광주통합특별시 동구 충장동,2026_only,0,1,0,1,1,0,7800000,7800000
5805047,전남광주통합특별시 동구 지산1동,2026_only,0,1,0,1,1,0,7800000,7800000
5860000,전남광주통합특별시 장흥군,2026_only,0,1,0,1,1,0,24800000,24800000
5885000,전남광주통합특별시 함평군,2026_only,0,1,0,1,1,0,24800000,24800000
6510000,제주특별자치도 제주시,both,2,3,2,3,1,49600000,74400000,24800000
3390026,부산광역시 사상구 모라1동,2026_only,0,1,0,2,2,0,15600000,15600000
3420000,대구광역시 동구,both,2,3,2,4,2,27600000,99200000,71600000
3450000,대구광역시 북구,2026_only,0,2,0,2,2,0,47800000,47800000
3460000,대구광역시 수성구,2026_only,0,2,0,2,2,0,49600000,49600000
3480373,대구광역시 달성군 옥포읍,2026_only,0,1,0,2,2,0,15600000,15600000
3500000,인천광역시 동구,2026_only,0,1,0,2,2,0,15600000,15600000
3565000,인천광역시 검단구,2026_only,0,2,0,2,2,0,46600000,46600000
3690000,울산광역시 중구,2026_only,0,2,0,2,2,0,49600000,49600000
3760000,경기도 수원시 권선구,2026_only,0,1,0,2,2,0,15600000,15600000
4020039,경기도 군포시 재궁동,2026_only,0,1,0,2,2,0,15200000,15200000
4020044,경기도 군포시 광정동,2026_only,0,1,0,2,2,0,15200000,15200000
4271000,강원특별자치도 영월군,2026_only,0,2,0,2,2,0,30300000,30300000
4291000,강원특별자치도 정선군,both,4,4,7,9,2,78250000,130150000,51900000
4390000,충청북도 충주시,2026_only,0,2,0,2,2,0,30800000,30800000
4390121,충청북도 충주시 수안보면,2026_only,0,2,0,2,2,0,32660000,32660000
4520104,충청남도 아산시 온양5동,2026_only,0,1,0,2,2,0,15600000,15600000
4570000,충청남도 부여군,2026_only,0,2,0,2,2,0,29600000,29600000
4701000,전북특별자치도 남원시,2026_only,0,2,0,2,2,0,49600000,49600000
4751000,전북특별자치도 장수군,2026_only,0,1,0,2,2,0,47700000,47700000
5130000,경상북도 경산시,both,2,2,2,4,2,39600000,99200000,59600000
5460000,경상남도 함양군,2026_only,0,2,0,2,2,0,48600000,48600000
5480000,경상남도 합천군,2026_only,0,2,0,2,2,0,49600000,49600000
5540297,경기도 광주시 광남2동,2026_only,0,1,0,2,2,0,15500000,15500000
5725000,충청북도 청주시 서원구,both,2,2,6,8,2,96480000,128640000,32160000
5800000,전남광주통합특별시 광양시,both,1,2,1,3,2,7800000,40520000,32720000
5865000,전남광주통합특별시 강진군,2026_only,0,1,0,2,2,0,49600000,49600000
5905000,전남광주통합특별시 진도군,2026_only,0,1,0,2,2,0,39600000,39600000
3470000,대구광역시 달서구,2026_only,0,2,0,3,3,0,74400000,74400000
3530000,인천광역시 남동구,2026_only,0,1,0,3,3,0,59550000,59550000
3720000,울산광역시 북구,both,1,3,1,4,3,24800000,99200000,74400000
3900000,경기도 광명시,both,1,2,3,6,3,74400000,148800000,74400000
4040000,경기도 하남시,2026_only,0,3,0,3,3,0,52100000,52100000
4191000,강원특별자치도 원주시,both,2,3,2,5,3,29600000,109000000,79400000
4661000,전북특별자치도 전주시 덕진구,both,3,5,5,8,3,63050000,61600000,-1450000
5310000,경상남도 진주시,2026_only,0,1,0,3,3,0,74400000,74400000
5870000,전남광주통합특별시 해남군,both,4,2,2,5,3,39700000,99200000,59500000
3440000,대구광역시 남구,2026_only,0,3,0,4,4,0,100400000,100400000
3860000,경기도 부천시,2026_only,0,2,0,4,4,0,97400000,97400000
4000000,경기도 오산시,both,1,2,1,5,4,21800000,38700000,16900000
4671000,전북특별자치도 군산시,both,1,3,2,6,4,15600000,80700000,65100000
5710000,충청북도 청주시,2026_only,0,2,0,4,4,0,92000000,92000000
5780000,전남광주통합특별시 목포시,both,1,1,1,5,4,24800000,107880000,83080000
5880000,전남광주통합특별시 무안군,both,1,1,1,5,4,23800000,124000000,100200000
3080000,서울특별시 강북구,both,2,2,5,10,5,124000000,77800000,-46200000
3290000,부산광역시 부산진구,2026_only,0,2,0,5,5,0,99250000,99250000
3910000,경기도 평택시,both,1,3,1,6,5,21800000,76000000,54200000
4281000,강원특별자치도 평창군,2026_only,0,2,0,5,5,0,124000000,124000000
4510000,충청남도 보령시,both,1,2,1,6,5,19800000,123300000,103500000
5090000,경상북도 영주시,2026_only,0,7,0,5,5,0,66850000,66850000
5410000,경상남도 창녕군,2026_only,0,3,0,5,5,0,75000000,75000000
5590000,경기도 양주시,2026_only,0,3,0,5,5,0,70600000,70600000
5790000,전남광주통합특별시 순천시,both,2,5,2,7,5,15400000,122200000,106800000
5810000,전남광주통합특별시 서구,both,2,1,2,7,5,27600000,115850000,88250000
3370000,부산광역시 연제구,2026_only,0,1,0,6,6,0,46800000,46800000
3980000,경기도 구리시,both,1,3,1,7,6,7800000,126850000,119050000
5380000,경상남도 양산시,both,2,2,2,8,6,39600000,118920000,79320000
4470000,충청북도 음성군,2026_only,0,6,0,7,7,0,132600000,132600000
3380000,부산광역시 수영구,2026_only,0,4,0,8,8,0,89350000,89350000
4520000,충청남도 아산시,both,2,5,3,11,8,59400000,151110000,91710000
5350000,경상남도 김해시,2026_only,0,1,0,9,9,0,94050000,94050000
5530000,경기도 화성시,both,4,5,6,16,10,97600000,284432000,186832000
3790000,경기도 성남시 수정구,2026_only,0,1,0,13,13,0,322400000,322400000
3990000,경기도 남양주시,both,1,2,1,15,14,18810000,198900000,180090000
