dimension,label,count,denominator_models,share_percent,evidence_status
registration_number_year,2023,3,771,0.4,prior_document_not_refetched
registration_number_year,2024,39,771,5.1,prior_document_not_refetched
registration_number_year,2025,265,771,34.4,prior_document_not_refetched
registration_number_year,2026,464,771,60.2,prior_document_not_refetched
company_type,large,79,771,10.2,prior_document_not_refetched
company_type,mid_sized,83,771,10.8,prior_document_not_refetched
company_type,sme,591,771,76.7,prior_document_not_refetched
company_type,nonprofit_other,1,771,0.1,prior_document_not_refetched
company_type,unclassified,17,771,2.2,prior_document_not_refetched
product_class,parking_payment,349,771,45.3,prior_document_not_refetched
product_class,ordering,93,771,12.1,prior_document_not_refetched
product_class,financial,71,771,9.2,prior_document_not_refetched
product_class,library,56,771,7.3,prior_document_not_refetched
product_class,civil_service,32,771,4.2,prior_document_not_refetched
product_class,remaining_classes,170,771,22.0,prior_document_not_refetched
