survey_year,indicator,population,value,unit,source_url,source_locator,verification_status
2021,digital_informatization_access,disabled,95.6,index_general_population_100,https://www.nia.or.kr/site/nia_kor/ex/bbs/View.do?cbIdx=81623&bcIdx=29168&parentSeq=29168,"2025 디지털정보격차 실태조사, p.23 표3 (PDF p.49)",verified_primary_report
2022,digital_informatization_access,disabled,96.7,index_general_population_100,https://www.nia.or.kr/site/nia_kor/ex/bbs/View.do?cbIdx=81623&bcIdx=29168&parentSeq=29168,"2025 디지털정보격차 실태조사, p.23 표3 (PDF p.49)",verified_primary_report
2023,digital_informatization_access,disabled,98.0,index_general_population_100,https://www.nia.or.kr/site/nia_kor/ex/bbs/View.do?cbIdx=81623&bcIdx=29168&parentSeq=29168,"2025 디지털정보격차 실태조사, p.23 표3 (PDF p.49)",verified_primary_report
2024,digital_informatization_access,disabled,98.1,index_general_population_100,https://www.nia.or.kr/site/nia_kor/ex/bbs/View.do?cbIdx=81623&bcIdx=29168&parentSeq=29168,"2025 디지털정보격차 실태조사, p.23 표3 (PDF p.49)",verified_primary_report
2025,digital_informatization_access,disabled,98.1,index_general_population_100,https://www.nia.or.kr/site/nia_kor/ex/bbs/View.do?cbIdx=81623&bcIdx=29168&parentSeq=29168,"2025 디지털정보격차 실태조사, p.23 표3 (PDF p.49)",verified_primary_report
2021,digital_informatization_access,farmers_fishers,94.8,index_general_population_100,https://www.nia.or.kr/site/nia_kor/ex/bbs/View.do?cbIdx=81623&bcIdx=29168&parentSeq=29168,"2025 디지털정보격차 실태조사, p.23 표3 (PDF p.49)",verified_primary_report
2022,digital_informatization_access,farmers_fishers,95.7,index_general_population_100,https://www.nia.or.kr/site/nia_kor/ex/bbs/View.do?cbIdx=81623&bcIdx=29168&parentSeq=29168,"2025 디지털정보격차 실태조사, p.23 표3 (PDF p.49)",verified_primary_report
2023,digital_informatization_access,farmers_fishers,97.0,index_general_population_100,https://www.nia.or.kr/site/nia_kor/ex/bbs/View.do?cbIdx=81623&bcIdx=29168&parentSeq=29168,"2025 디지털정보격차 실태조사, p.23 표3 (PDF p.49)",verified_primary_report
2024,digital_informatization_access,farmers_fishers,97.0,index_general_population_100,https://www.nia.or.kr/site/nia_kor/ex/bbs/View.do?cbIdx=81623&bcIdx=29168&parentSeq=29168,"2025 디지털정보격차 실태조사, p.23 표3 (PDF p.49)",verified_primary_report
2025,digital_informatization_access,farmers_fishers,97.2,index_general_population_100,https://www.nia.or.kr/site/nia_kor/ex/bbs/View.do?cbIdx=81623&bcIdx=29168&parentSeq=29168,"2025 디지털정보격차 실태조사, p.23 표3 (PDF p.49)",verified_primary_report
2021,digital_informatization_access,low_income,98.7,index_general_population_100,https://www.nia.or.kr/site/nia_kor/ex/bbs/View.do?cbIdx=81623&bcIdx=29168&parentSeq=29168,"2025 디지털정보격차 실태조사, p.23 표3 (PDF p.49)",verified_primary_report
2022,digital_informatization_access,low_income,99.5,index_general_population_100,https://www.nia.or.kr/site/nia_kor/ex/bbs/View.do?cbIdx=81623&bcIdx=29168&parentSeq=29168,"2025 디지털정보격차 실태조사, p.23 표3 (PDF p.49)",verified_primary_report
2023,digital_informatization_access,low_income,99.6,index_general_population_100,https://www.nia.or.kr/site/nia_kor/ex/bbs/View.do?cbIdx=81623&bcIdx=29168&parentSeq=29168,"2025 디지털정보격차 실태조사, p.23 표3 (PDF p.49)",verified_primary_report
2024,digital_informatization_access,low_income,99.8,index_general_population_100,https://www.nia.or.kr/site/nia_kor/ex/bbs/View.do?cbIdx=81623&bcIdx=29168&parentSeq=29168,"2025 디지털정보격차 실태조사, p.23 표3 (PDF p.49)",verified_primary_report
2025,digital_informatization_access,low_income,99.8,index_general_population_100,https://www.nia.or.kr/site/nia_kor/ex/bbs/View.do?cbIdx=81623&bcIdx=29168&parentSeq=29168,"2025 디지털정보격차 실태조사, p.23 표3 (PDF p.49)",verified_primary_report
2021,digital_informatization_access,older_adults,93.1,index_general_population_100,https://www.nia.or.kr/site/nia_kor/ex/bbs/View.do?cbIdx=81623&bcIdx=29168&parentSeq=29168,"2025 디지털정보격차 실태조사, p.23 표3 (PDF p.49)",verified_primary_report
2022,digital_informatization_access,older_adults,95.1,index_general_population_100,https://www.nia.or.kr/site/nia_kor/ex/bbs/View.do?cbIdx=81623&bcIdx=29168&parentSeq=29168,"2025 디지털정보격차 실태조사, p.23 표3 (PDF p.49)",verified_primary_report
2023,digital_informatization_access,older_adults,95.3,index_general_population_100,https://www.nia.or.kr/site/nia_kor/ex/bbs/View.do?cbIdx=81623&bcIdx=29168&parentSeq=29168,"2025 디지털정보격차 실태조사, p.23 표3 (PDF p.49)",verified_primary_report
2024,digital_informatization_access,older_adults,95.3,index_general_population_100,https://www.nia.or.kr/site/nia_kor/ex/bbs/View.do?cbIdx=81623&bcIdx=29168&parentSeq=29168,"2025 디지털정보격차 실태조사, p.23 표3 (PDF p.49)",verified_primary_report
2025,digital_informatization_access,older_adults,95.4,index_general_population_100,https://www.nia.or.kr/site/nia_kor/ex/bbs/View.do?cbIdx=81623&bcIdx=29168&parentSeq=29168,"2025 디지털정보격차 실태조사, p.23 표3 (PDF p.49)",verified_primary_report
2021,digital_informatization_access,vulnerable_weighted,94.4,index_general_population_100,https://www.nia.or.kr/site/nia_kor/ex/bbs/View.do?cbIdx=81623&bcIdx=29168&parentSeq=29168,"2025 디지털정보격차 실태조사, p.23 표3 (PDF p.49)",verified_primary_report
2022,digital_informatization_access,vulnerable_weighted,96.0,index_general_population_100,https://www.nia.or.kr/site/nia_kor/ex/bbs/View.do?cbIdx=81623&bcIdx=29168&parentSeq=29168,"2025 디지털정보격차 실태조사, p.23 표3 (PDF p.49)",verified_primary_report
2023,digital_informatization_access,vulnerable_weighted,96.5,index_general_population_100,https://www.nia.or.kr/site/nia_kor/ex/bbs/View.do?cbIdx=81623&bcIdx=29168&parentSeq=29168,"2025 디지털정보격차 실태조사, p.23 표3 (PDF p.49)",verified_primary_report
2024,digital_informatization_access,vulnerable_weighted,96.5,index_general_population_100,https://www.nia.or.kr/site/nia_kor/ex/bbs/View.do?cbIdx=81623&bcIdx=29168&parentSeq=29168,"2025 디지털정보격차 실태조사, p.23 표3 (PDF p.49)",verified_primary_report
2025,digital_informatization_access,vulnerable_weighted,96.6,index_general_population_100,https://www.nia.or.kr/site/nia_kor/ex/bbs/View.do?cbIdx=81623&bcIdx=29168&parentSeq=29168,"2025 디지털정보격차 실태조사, p.23 표3 (PDF p.49)",verified_primary_report
2021,digital_informatization_capability,disabled,74.9,index_general_population_100,https://www.nia.or.kr/site/nia_kor/ex/bbs/View.do?cbIdx=81623&bcIdx=29168&parentSeq=29168,"2025 디지털정보격차 실태조사, p.25 표4 (PDF p.51)",verified_primary_report
2022,digital_informatization_capability,disabled,75.2,index_general_population_100,https://www.nia.or.kr/site/nia_kor/ex/bbs/View.do?cbIdx=81623&bcIdx=29168&parentSeq=29168,"2025 디지털정보격차 실태조사, p.25 표4 (PDF p.51)",verified_primary_report
2023,digital_informatization_capability,disabled,75.6,index_general_population_100,https://www.nia.or.kr/site/nia_kor/ex/bbs/View.do?cbIdx=81623&bcIdx=29168&parentSeq=29168,"2025 디지털정보격차 실태조사, p.25 표4 (PDF p.51)",verified_primary_report
2024,digital_informatization_capability,disabled,76.1,index_general_population_100,https://www.nia.or.kr/site/nia_kor/ex/bbs/View.do?cbIdx=81623&bcIdx=29168&parentSeq=29168,"2025 디지털정보격차 실태조사, p.25 표4 (PDF p.51)",verified_primary_report
2025,digital_informatization_capability,disabled,77.0,index_general_population_100,https://www.nia.or.kr/site/nia_kor/ex/bbs/View.do?cbIdx=81623&bcIdx=29168&parentSeq=29168,"2025 디지털정보격차 실태조사, p.25 표4 (PDF p.51)",verified_primary_report
2021,digital_informatization_capability,farmers_fishers,69.6,index_general_population_100,https://www.nia.or.kr/site/nia_kor/ex/bbs/View.do?cbIdx=81623&bcIdx=29168&parentSeq=29168,"2025 디지털정보격차 실태조사, p.25 표4 (PDF p.51)",verified_primary_report
2022,digital_informatization_capability,farmers_fishers,70.6,index_general_population_100,https://www.nia.or.kr/site/nia_kor/ex/bbs/View.do?cbIdx=81623&bcIdx=29168&parentSeq=29168,"2025 디지털정보격차 실태조사, p.25 표4 (PDF p.51)",verified_primary_report
2023,digital_informatization_capability,farmers_fishers,71.0,index_general_population_100,https://www.nia.or.kr/site/nia_kor/ex/bbs/View.do?cbIdx=81623&bcIdx=29168&parentSeq=29168,"2025 디지털정보격차 실태조사, p.25 표4 (PDF p.51)",verified_primary_report
2024,digital_informatization_capability,farmers_fishers,71.8,index_general_population_100,https://www.nia.or.kr/site/nia_kor/ex/bbs/View.do?cbIdx=81623&bcIdx=29168&parentSeq=29168,"2025 디지털정보격차 실태조사, p.25 표4 (PDF p.51)",verified_primary_report
2025,digital_informatization_capability,farmers_fishers,72.4,index_general_population_100,https://www.nia.or.kr/site/nia_kor/ex/bbs/View.do?cbIdx=81623&bcIdx=29168&parentSeq=29168,"2025 디지털정보격차 실태조사, p.25 표4 (PDF p.51)",verified_primary_report
2021,digital_informatization_capability,low_income,92.9,index_general_population_100,https://www.nia.or.kr/site/nia_kor/ex/bbs/View.do?cbIdx=81623&bcIdx=29168&parentSeq=29168,"2025 디지털정보격차 실태조사, p.25 표4 (PDF p.51)",verified_primary_report
2022,digital_informatization_capability,low_income,92.9,index_general_population_100,https://www.nia.or.kr/site/nia_kor/ex/bbs/View.do?cbIdx=81623&bcIdx=29168&parentSeq=29168,"2025 디지털정보격차 실태조사, p.25 표4 (PDF p.51)",verified_primary_report
2023,digital_informatization_capability,low_income,93.0,index_general_population_100,https://www.nia.or.kr/site/nia_kor/ex/bbs/View.do?cbIdx=81623&bcIdx=29168&parentSeq=29168,"2025 디지털정보격차 실태조사, p.25 표4 (PDF p.51)",verified_primary_report
2024,digital_informatization_capability,low_income,93.3,index_general_population_100,https://www.nia.or.kr/site/nia_kor/ex/bbs/View.do?cbIdx=81623&bcIdx=29168&parentSeq=29168,"2025 디지털정보격차 실태조사, p.25 표4 (PDF p.51)",verified_primary_report
2025,digital_informatization_capability,low_income,94.1,index_general_population_100,https://www.nia.or.kr/site/nia_kor/ex/bbs/View.do?cbIdx=81623&bcIdx=29168&parentSeq=29168,"2025 디지털정보격차 실태조사, p.25 표4 (PDF p.51)",verified_primary_report
2021,digital_informatization_capability,older_adults,53.9,index_general_population_100,https://www.nia.or.kr/site/nia_kor/ex/bbs/View.do?cbIdx=81623&bcIdx=29168&parentSeq=29168,"2025 디지털정보격차 실태조사, p.25 표4 (PDF p.51)",verified_primary_report
2022,digital_informatization_capability,older_adults,54.5,index_general_population_100,https://www.nia.or.kr/site/nia_kor/ex/bbs/View.do?cbIdx=81623&bcIdx=29168&parentSeq=29168,"2025 디지털정보격차 실태조사, p.25 표4 (PDF p.51)",verified_primary_report
2023,digital_informatization_capability,older_adults,55.3,index_general_population_100,https://www.nia.or.kr/site/nia_kor/ex/bbs/View.do?cbIdx=81623&bcIdx=29168&parentSeq=29168,"2025 디지털정보격차 실태조사, p.25 표4 (PDF p.51)",verified_primary_report
2024,digital_informatization_capability,older_adults,55.9,index_general_population_100,https://www.nia.or.kr/site/nia_kor/ex/bbs/View.do?cbIdx=81623&bcIdx=29168&parentSeq=29168,"2025 디지털정보격차 실태조사, p.25 표4 (PDF p.51)",verified_primary_report
2025,digital_informatization_capability,older_adults,56.2,index_general_population_100,https://www.nia.or.kr/site/nia_kor/ex/bbs/View.do?cbIdx=81623&bcIdx=29168&parentSeq=29168,"2025 디지털정보격차 실태조사, p.25 표4 (PDF p.51)",verified_primary_report
2021,digital_informatization_capability,vulnerable_weighted,63.8,index_general_population_100,https://www.nia.or.kr/site/nia_kor/ex/bbs/View.do?cbIdx=81623&bcIdx=29168&parentSeq=29168,"2025 디지털정보격차 실태조사, p.25 표4 (PDF p.51)",verified_primary_report
2022,digital_informatization_capability,vulnerable_weighted,64.5,index_general_population_100,https://www.nia.or.kr/site/nia_kor/ex/bbs/View.do?cbIdx=81623&bcIdx=29168&parentSeq=29168,"2025 디지털정보격차 실태조사, p.25 표4 (PDF p.51)",verified_primary_report
2023,digital_informatization_capability,vulnerable_weighted,65.1,index_general_population_100,https://www.nia.or.kr/site/nia_kor/ex/bbs/View.do?cbIdx=81623&bcIdx=29168&parentSeq=29168,"2025 디지털정보격차 실태조사, p.25 표4 (PDF p.51)",verified_primary_report
2024,digital_informatization_capability,vulnerable_weighted,65.6,index_general_population_100,https://www.nia.or.kr/site/nia_kor/ex/bbs/View.do?cbIdx=81623&bcIdx=29168&parentSeq=29168,"2025 디지털정보격차 실태조사, p.25 표4 (PDF p.51)",verified_primary_report
2025,digital_informatization_capability,vulnerable_weighted,65.9,index_general_population_100,https://www.nia.or.kr/site/nia_kor/ex/bbs/View.do?cbIdx=81623&bcIdx=29168&parentSeq=29168,"2025 디지털정보격차 실태조사, p.25 표4 (PDF p.51)",verified_primary_report
2021,digital_informatization_overall,disabled,81.7,index_general_population_100,https://www.nia.or.kr/site/nia_kor/ex/bbs/View.do?cbIdx=81623&bcIdx=29168&parentSeq=29168,"2025 디지털정보격차 실태조사, p.21 표2 (PDF p.47)",verified_primary_report
2022,digital_informatization_overall,disabled,82.2,index_general_population_100,https://www.nia.or.kr/site/nia_kor/ex/bbs/View.do?cbIdx=81623&bcIdx=29168&parentSeq=29168,"2025 디지털정보격차 실태조사, p.21 표2 (PDF p.47)",verified_primary_report
2023,digital_informatization_overall,disabled,82.8,index_general_population_100,https://www.nia.or.kr/site/nia_kor/ex/bbs/View.do?cbIdx=81623&bcIdx=29168&parentSeq=29168,"2025 디지털정보격차 실태조사, p.21 표2 (PDF p.47)",verified_primary_report
2024,digital_informatization_overall,disabled,83.5,index_general_population_100,https://www.nia.or.kr/site/nia_kor/ex/bbs/View.do?cbIdx=81623&bcIdx=29168&parentSeq=29168,"2025 디지털정보격차 실태조사, p.21 표2 (PDF p.47)",verified_primary_report
2025,digital_informatization_overall,disabled,84.1,index_general_population_100,https://www.nia.or.kr/site/nia_kor/ex/bbs/View.do?cbIdx=81623&bcIdx=29168&parentSeq=29168,"2025 디지털정보격차 실태조사, p.21 표2 (PDF p.47)",verified_primary_report
2021,digital_informatization_overall,farmers_fishers,78.1,index_general_population_100,https://www.nia.or.kr/site/nia_kor/ex/bbs/View.do?cbIdx=81623&bcIdx=29168&parentSeq=29168,"2025 디지털정보격차 실태조사, p.21 표2 (PDF p.47)",verified_primary_report
2022,digital_informatization_overall,farmers_fishers,78.9,index_general_population_100,https://www.nia.or.kr/site/nia_kor/ex/bbs/View.do?cbIdx=81623&bcIdx=29168&parentSeq=29168,"2025 디지털정보격차 실태조사, p.21 표2 (PDF p.47)",verified_primary_report
2023,digital_informatization_overall,farmers_fishers,79.5,index_general_population_100,https://www.nia.or.kr/site/nia_kor/ex/bbs/View.do?cbIdx=81623&bcIdx=29168&parentSeq=29168,"2025 디지털정보격차 실태조사, p.21 표2 (PDF p.47)",verified_primary_report
2024,digital_informatization_overall,farmers_fishers,80.0,index_general_population_100,https://www.nia.or.kr/site/nia_kor/ex/bbs/View.do?cbIdx=81623&bcIdx=29168&parentSeq=29168,"2025 디지털정보격차 실태조사, p.21 표2 (PDF p.47)",verified_primary_report
2025,digital_informatization_overall,farmers_fishers,80.6,index_general_population_100,https://www.nia.or.kr/site/nia_kor/ex/bbs/View.do?cbIdx=81623&bcIdx=29168&parentSeq=29168,"2025 디지털정보격차 실태조사, p.21 표2 (PDF p.47)",verified_primary_report
2021,digital_informatization_overall,low_income,95.4,index_general_population_100,https://www.nia.or.kr/site/nia_kor/ex/bbs/View.do?cbIdx=81623&bcIdx=29168&parentSeq=29168,"2025 디지털정보격차 실태조사, p.21 표2 (PDF p.47)",verified_primary_report
2022,digital_informatization_overall,low_income,95.6,index_general_population_100,https://www.nia.or.kr/site/nia_kor/ex/bbs/View.do?cbIdx=81623&bcIdx=29168&parentSeq=29168,"2025 디지털정보격차 실태조사, p.21 표2 (PDF p.47)",verified_primary_report
2023,digital_informatization_overall,low_income,96.1,index_general_population_100,https://www.nia.or.kr/site/nia_kor/ex/bbs/View.do?cbIdx=81623&bcIdx=29168&parentSeq=29168,"2025 디지털정보격차 실태조사, p.21 표2 (PDF p.47)",verified_primary_report
2024,digital_informatization_overall,low_income,96.5,index_general_population_100,https://www.nia.or.kr/site/nia_kor/ex/bbs/View.do?cbIdx=81623&bcIdx=29168&parentSeq=29168,"2025 디지털정보격차 실태조사, p.21 표2 (PDF p.47)",verified_primary_report
2025,digital_informatization_overall,low_income,97.0,index_general_population_100,https://www.nia.or.kr/site/nia_kor/ex/bbs/View.do?cbIdx=81623&bcIdx=29168&parentSeq=29168,"2025 디지털정보격차 실태조사, p.21 표2 (PDF p.47)",verified_primary_report
2021,digital_informatization_overall,older_adults,69.1,index_general_population_100,https://www.nia.or.kr/site/nia_kor/ex/bbs/View.do?cbIdx=81623&bcIdx=29168&parentSeq=29168,"2025 디지털정보격차 실태조사, p.21 표2 (PDF p.47)",verified_primary_report
2022,digital_informatization_overall,older_adults,69.9,index_general_population_100,https://www.nia.or.kr/site/nia_kor/ex/bbs/View.do?cbIdx=81623&bcIdx=29168&parentSeq=29168,"2025 디지털정보격차 실태조사, p.21 표2 (PDF p.47)",verified_primary_report
2023,digital_informatization_overall,older_adults,70.7,index_general_population_100,https://www.nia.or.kr/site/nia_kor/ex/bbs/View.do?cbIdx=81623&bcIdx=29168&parentSeq=29168,"2025 디지털정보격차 실태조사, p.21 표2 (PDF p.47)",verified_primary_report
2024,digital_informatization_overall,older_adults,71.4,index_general_population_100,https://www.nia.or.kr/site/nia_kor/ex/bbs/View.do?cbIdx=81623&bcIdx=29168&parentSeq=29168,"2025 디지털정보격차 실태조사, p.21 표2 (PDF p.47)",verified_primary_report
2025,digital_informatization_overall,older_adults,71.8,index_general_population_100,https://www.nia.or.kr/site/nia_kor/ex/bbs/View.do?cbIdx=81623&bcIdx=29168&parentSeq=29168,"2025 디지털정보격차 실태조사, p.21 표2 (PDF p.47)",verified_primary_report
2021,digital_informatization_overall,vulnerable_weighted,75.4,index_general_population_100,https://www.nia.or.kr/site/nia_kor/ex/bbs/View.do?cbIdx=81623&bcIdx=29168&parentSeq=29168,"2025 디지털정보격차 실태조사, p.21 표2 (PDF p.47)",verified_primary_report
2022,digital_informatization_overall,vulnerable_weighted,76.2,index_general_population_100,https://www.nia.or.kr/site/nia_kor/ex/bbs/View.do?cbIdx=81623&bcIdx=29168&parentSeq=29168,"2025 디지털정보격차 실태조사, p.21 표2 (PDF p.47)",verified_primary_report
2023,digital_informatization_overall,vulnerable_weighted,76.9,index_general_population_100,https://www.nia.or.kr/site/nia_kor/ex/bbs/View.do?cbIdx=81623&bcIdx=29168&parentSeq=29168,"2025 디지털정보격차 실태조사, p.21 표2 (PDF p.47)",verified_primary_report
2024,digital_informatization_overall,vulnerable_weighted,77.5,index_general_population_100,https://www.nia.or.kr/site/nia_kor/ex/bbs/View.do?cbIdx=81623&bcIdx=29168&parentSeq=29168,"2025 디지털정보격차 실태조사, p.21 표2 (PDF p.47)",verified_primary_report
2025,digital_informatization_overall,vulnerable_weighted,77.9,index_general_population_100,https://www.nia.or.kr/site/nia_kor/ex/bbs/View.do?cbIdx=81623&bcIdx=29168&parentSeq=29168,"2025 디지털정보격차 실태조사, p.21 표2 (PDF p.47)",verified_primary_report
2021,digital_informatization_utilization,disabled,81.5,index_general_population_100,https://www.nia.or.kr/site/nia_kor/ex/bbs/View.do?cbIdx=81623&bcIdx=29168&parentSeq=29168,"2025 디지털정보격차 실태조사, p.27 표5 (PDF p.53)",verified_primary_report
2022,digital_informatization_utilization,disabled,82.0,index_general_population_100,https://www.nia.or.kr/site/nia_kor/ex/bbs/View.do?cbIdx=81623&bcIdx=29168&parentSeq=29168,"2025 디지털정보격차 실태조사, p.27 표5 (PDF p.53)",verified_primary_report
2023,digital_informatization_utilization,disabled,82.5,index_general_population_100,https://www.nia.or.kr/site/nia_kor/ex/bbs/View.do?cbIdx=81623&bcIdx=29168&parentSeq=29168,"2025 디지털정보격차 실태조사, p.27 표5 (PDF p.53)",verified_primary_report
2024,digital_informatization_utilization,disabled,83.7,index_general_population_100,https://www.nia.or.kr/site/nia_kor/ex/bbs/View.do?cbIdx=81623&bcIdx=29168&parentSeq=29168,"2025 디지털정보격차 실태조사, p.27 표5 (PDF p.53)",verified_primary_report
2025,digital_informatization_utilization,disabled,84.3,index_general_population_100,https://www.nia.or.kr/site/nia_kor/ex/bbs/View.do?cbIdx=81623&bcIdx=29168&parentSeq=29168,"2025 디지털정보격차 실태조사, p.27 표5 (PDF p.53)",verified_primary_report
2021,digital_informatization_utilization,farmers_fishers,78.1,index_general_population_100,https://www.nia.or.kr/site/nia_kor/ex/bbs/View.do?cbIdx=81623&bcIdx=29168&parentSeq=29168,"2025 디지털정보격차 실태조사, p.27 표5 (PDF p.53)",verified_primary_report
2022,digital_informatization_utilization,farmers_fishers,78.8,index_general_population_100,https://www.nia.or.kr/site/nia_kor/ex/bbs/View.do?cbIdx=81623&bcIdx=29168&parentSeq=29168,"2025 디지털정보격차 실태조사, p.27 표5 (PDF p.53)",verified_primary_report
2023,digital_informatization_utilization,farmers_fishers,79.2,index_general_population_100,https://www.nia.or.kr/site/nia_kor/ex/bbs/View.do?cbIdx=81623&bcIdx=29168&parentSeq=29168,"2025 디지털정보격차 실태조사, p.27 표5 (PDF p.53)",verified_primary_report
2024,digital_informatization_utilization,farmers_fishers,79.6,index_general_population_100,https://www.nia.or.kr/site/nia_kor/ex/bbs/View.do?cbIdx=81623&bcIdx=29168&parentSeq=29168,"2025 디지털정보격차 실태조사, p.27 표5 (PDF p.53)",verified_primary_report
2025,digital_informatization_utilization,farmers_fishers,80.5,index_general_population_100,https://www.nia.or.kr/site/nia_kor/ex/bbs/View.do?cbIdx=81623&bcIdx=29168&parentSeq=29168,"2025 디지털정보격차 실태조사, p.27 표5 (PDF p.53)",verified_primary_report
2021,digital_informatization_utilization,low_income,96.3,index_general_population_100,https://www.nia.or.kr/site/nia_kor/ex/bbs/View.do?cbIdx=81623&bcIdx=29168&parentSeq=29168,"2025 디지털정보격차 실태조사, p.27 표5 (PDF p.53)",verified_primary_report
2022,digital_informatization_utilization,low_income,96.4,index_general_population_100,https://www.nia.or.kr/site/nia_kor/ex/bbs/View.do?cbIdx=81623&bcIdx=29168&parentSeq=29168,"2025 디지털정보격차 실태조사, p.27 표5 (PDF p.53)",verified_primary_report
2023,digital_informatization_utilization,low_income,97.4,index_general_population_100,https://www.nia.or.kr/site/nia_kor/ex/bbs/View.do?cbIdx=81623&bcIdx=29168&parentSeq=29168,"2025 디지털정보격차 실태조사, p.27 표5 (PDF p.53)",verified_primary_report
2024,digital_informatization_utilization,low_income,98.0,index_general_population_100,https://www.nia.or.kr/site/nia_kor/ex/bbs/View.do?cbIdx=81623&bcIdx=29168&parentSeq=29168,"2025 디지털정보격차 실태조사, p.27 표5 (PDF p.53)",verified_primary_report
2025,digital_informatization_utilization,low_income,98.5,index_general_population_100,https://www.nia.or.kr/site/nia_kor/ex/bbs/View.do?cbIdx=81623&bcIdx=29168&parentSeq=29168,"2025 디지털정보격차 실태조사, p.27 표5 (PDF p.53)",verified_primary_report
2021,digital_informatization_utilization,older_adults,72.3,index_general_population_100,https://www.nia.or.kr/site/nia_kor/ex/bbs/View.do?cbIdx=81623&bcIdx=29168&parentSeq=29168,"2025 디지털정보격차 실태조사, p.27 표5 (PDF p.53)",verified_primary_report
2022,digital_informatization_utilization,older_adults,72.6,index_general_population_100,https://www.nia.or.kr/site/nia_kor/ex/bbs/View.do?cbIdx=81623&bcIdx=29168&parentSeq=29168,"2025 디지털정보격차 실태조사, p.27 표5 (PDF p.53)",verified_primary_report
2023,digital_informatization_utilization,older_adults,73.8,index_general_population_100,https://www.nia.or.kr/site/nia_kor/ex/bbs/View.do?cbIdx=81623&bcIdx=29168&parentSeq=29168,"2025 디지털정보격차 실태조사, p.27 표5 (PDF p.53)",verified_primary_report
2024,digital_informatization_utilization,older_adults,75.0,index_general_population_100,https://www.nia.or.kr/site/nia_kor/ex/bbs/View.do?cbIdx=81623&bcIdx=29168&parentSeq=29168,"2025 디지털정보격차 실태조사, p.27 표5 (PDF p.53)",verified_primary_report
2025,digital_informatization_utilization,older_adults,75.6,index_general_population_100,https://www.nia.or.kr/site/nia_kor/ex/bbs/View.do?cbIdx=81623&bcIdx=29168&parentSeq=29168,"2025 디지털정보격차 실태조사, p.27 표5 (PDF p.53)",verified_primary_report
2021,digital_informatization_utilization,vulnerable_weighted,77.6,index_general_population_100,https://www.nia.or.kr/site/nia_kor/ex/bbs/View.do?cbIdx=81623&bcIdx=29168&parentSeq=29168,"2025 디지털정보격차 실태조사, p.27 표5 (PDF p.53)",verified_primary_report
2022,digital_informatization_utilization,vulnerable_weighted,78.0,index_general_population_100,https://www.nia.or.kr/site/nia_kor/ex/bbs/View.do?cbIdx=81623&bcIdx=29168&parentSeq=29168,"2025 디지털정보격차 실태조사, p.27 표5 (PDF p.53)",verified_primary_report
2023,digital_informatization_utilization,vulnerable_weighted,79.0,index_general_population_100,https://www.nia.or.kr/site/nia_kor/ex/bbs/View.do?cbIdx=81623&bcIdx=29168&parentSeq=29168,"2025 디지털정보격차 실태조사, p.27 표5 (PDF p.53)",verified_primary_report
2024,digital_informatization_utilization,vulnerable_weighted,80.0,index_general_population_100,https://www.nia.or.kr/site/nia_kor/ex/bbs/View.do?cbIdx=81623&bcIdx=29168&parentSeq=29168,"2025 디지털정보격차 실태조사, p.27 표5 (PDF p.53)",verified_primary_report
2025,digital_informatization_utilization,vulnerable_weighted,80.5,index_general_population_100,https://www.nia.or.kr/site/nia_kor/ex/bbs/View.do?cbIdx=81623&bcIdx=29168&parentSeq=29168,"2025 디지털정보격차 실태조사, p.27 표5 (PDF p.53)",verified_primary_report
2019,web_accessibility_score,private_websites_8_industries,53.7,score_0_100,https://www.korea.kr/briefing/pressReleaseView.do?newsId=156681128,"2024 실태조사 결과 발표 ODT, 웹 접근성 실태조사 절 연도별 평균 점수",verified_primary_press_release
2020,web_accessibility_score,private_websites_8_industries,60.7,score_0_100,https://www.korea.kr/briefing/pressReleaseView.do?newsId=156681128,"2024 실태조사 결과 발표 ODT, 웹 접근성 실태조사 절 연도별 평균 점수",verified_primary_press_release
2021,web_accessibility_score,private_websites_8_industries,60.8,score_0_100,https://www.korea.kr/briefing/pressReleaseView.do?newsId=156751063,"2025 실태조사 결과 발표 ODT, 웹 접근성 실태조사 절 연도별 평균 점수",verified_primary_press_release
2022,web_accessibility_score,private_websites_8_industries,60.9,score_0_100,https://www.korea.kr/briefing/pressReleaseView.do?newsId=156751063,"2025 실태조사 결과 발표 ODT, 웹 접근성 실태조사 절 연도별 평균 점수",verified_primary_press_release
2023,web_accessibility_score,private_websites_8_industries,65.8,score_0_100,https://www.korea.kr/briefing/pressReleaseView.do?newsId=156751063,"2025 실태조사 결과 발표 ODT, 웹 접근성 실태조사 절 연도별 평균 점수",verified_primary_press_release
2024,web_accessibility_score,private_websites_8_industries,66.7,score_0_100,https://www.korea.kr/briefing/pressReleaseView.do?newsId=156751063,"2025 실태조사 결과 발표 ODT, 웹 접근성 실태조사 절 연도별 평균 점수",verified_primary_press_release
2025,web_accessibility_score,private_websites_8_industries,70.4,score_0_100,https://www.korea.kr/briefing/pressReleaseView.do?newsId=156751063,"2025 실태조사 결과 발표 ODT, 웹 접근성 실태조사 절 연도별 평균 점수",verified_primary_press_release
