survey_year,indicator,population,population_label,table_id,item_id,frequency_source,classification_id,classification_dimension,raw_value,value,unit_source,unit,last_modified,source_url
2014,digital_informatization_access,disabled,장애인,DT_12017N009,1,A,15110BK8AA,15110BK8,79.9,79.9,%,index_general_population_100,2023-06-26,https://kosis.kr/statHtml/statHtml.do?orgId=127&tblId=DT_12017N009
2015,digital_informatization_access,disabled,장애인,DT_12017N009,1,A,15110BK8AA,15110BK8,83.5,83.5,%,index_general_population_100,2023-06-26,https://kosis.kr/statHtml/statHtml.do?orgId=127&tblId=DT_12017N009
2016,digital_informatization_access,disabled,장애인,DT_12017N009,1,A,15110BK8AA,15110BK8,88.1,88.1,%,index_general_population_100,2023-06-26,https://kosis.kr/statHtml/statHtml.do?orgId=127&tblId=DT_12017N009
2017,digital_informatization_access,disabled,장애인,DT_12017N009,1,A,15110BK8AA,15110BK8,91.6,91.6,%,index_general_population_100,2023-06-26,https://kosis.kr/statHtml/statHtml.do?orgId=127&tblId=DT_12017N009
2018,digital_informatization_access,disabled,장애인,DT_12017N009,1,A,15110BK8AA,15110BK8,92,92,%,index_general_population_100,2023-06-26,https://kosis.kr/statHtml/statHtml.do?orgId=127&tblId=DT_12017N009
2019,digital_informatization_access,disabled,장애인,DT_12017N009,1,A,15110BK8AA,15110BK8,92.6,92.6,%,index_general_population_100,2023-06-26,https://kosis.kr/statHtml/statHtml.do?orgId=127&tblId=DT_12017N009
2020,digital_informatization_access,disabled,장애인,DT_12017N009,1,A,15110BK8AA,15110BK8,95.4,95.4,%,index_general_population_100,2023-06-26,https://kosis.kr/statHtml/statHtml.do?orgId=127&tblId=DT_12017N009
2021,digital_informatization_access,disabled,장애인,DT_12017N009,1,A,15110BK8AA,15110BK8,95.6,95.6,%,index_general_population_100,2023-06-26,https://kosis.kr/statHtml/statHtml.do?orgId=127&tblId=DT_12017N009
2022,digital_informatization_access,disabled,장애인,DT_12017N009,1,A,15110BK8AA,15110BK8,96.7,96.7,%,index_general_population_100,2023-06-26,https://kosis.kr/statHtml/statHtml.do?orgId=127&tblId=DT_12017N009
2023,digital_informatization_access,disabled,장애인,DT_12017N009,1,A,15110BK8AA,15110BK8,98,98,%,index_general_population_100,2024-04-28,https://kosis.kr/statHtml/statHtml.do?orgId=127&tblId=DT_12017N009
2024,digital_informatization_access,disabled,장애인,DT_12017N009,1,A,15110BK8AA,15110BK8,98.1,98.1,%,index_general_population_100,2025-04-28,https://kosis.kr/statHtml/statHtml.do?orgId=127&tblId=DT_12017N009
2025,digital_informatization_access,disabled,장애인,DT_12017N009,1,A,15110BK8AA,15110BK8,98.1,98.1,%,index_general_population_100,2026-04-07,https://kosis.kr/statHtml/statHtml.do?orgId=127&tblId=DT_12017N009
2014,digital_informatization_access,farmers_fishers,농어민,DT_12017N009,1,A,15110BK8AC,15110BK8,68.1,68.1,%,index_general_population_100,2023-06-26,https://kosis.kr/statHtml/statHtml.do?orgId=127&tblId=DT_12017N009
2015,digital_informatization_access,farmers_fishers,농어민,DT_12017N009,1,A,15110BK8AC,15110BK8,73.4,73.4,%,index_general_population_100,2023-06-26,https://kosis.kr/statHtml/statHtml.do?orgId=127&tblId=DT_12017N009
2016,digital_informatization_access,farmers_fishers,농어민,DT_12017N009,1,A,15110BK8AC,15110BK8,84.8,84.8,%,index_general_population_100,2023-06-26,https://kosis.kr/statHtml/statHtml.do?orgId=127&tblId=DT_12017N009
2017,digital_informatization_access,farmers_fishers,농어민,DT_12017N009,1,A,15110BK8AC,15110BK8,90.4,90.4,%,index_general_population_100,2023-06-26,https://kosis.kr/statHtml/statHtml.do?orgId=127&tblId=DT_12017N009
2018,digital_informatization_access,farmers_fishers,농어민,DT_12017N009,1,A,15110BK8AC,15110BK8,91,91,%,index_general_population_100,2023-06-26,https://kosis.kr/statHtml/statHtml.do?orgId=127&tblId=DT_12017N009
2019,digital_informatization_access,farmers_fishers,농어민,DT_12017N009,1,A,15110BK8AC,15110BK8,91.3,91.3,%,index_general_population_100,2023-06-26,https://kosis.kr/statHtml/statHtml.do?orgId=127&tblId=DT_12017N009
2020,digital_informatization_access,farmers_fishers,농어민,DT_12017N009,1,A,15110BK8AC,15110BK8,94.8,94.8,%,index_general_population_100,2023-06-26,https://kosis.kr/statHtml/statHtml.do?orgId=127&tblId=DT_12017N009
2021,digital_informatization_access,farmers_fishers,농어민,DT_12017N009,1,A,15110BK8AC,15110BK8,94.9,94.9,%,index_general_population_100,2023-06-26,https://kosis.kr/statHtml/statHtml.do?orgId=127&tblId=DT_12017N009
2022,digital_informatization_access,farmers_fishers,농어민,DT_12017N009,1,A,15110BK8AC,15110BK8,95.7,95.7,%,index_general_population_100,2023-06-26,https://kosis.kr/statHtml/statHtml.do?orgId=127&tblId=DT_12017N009
2023,digital_informatization_access,farmers_fishers,농어민,DT_12017N009,1,A,15110BK8AC,15110BK8,97,97,%,index_general_population_100,2024-04-28,https://kosis.kr/statHtml/statHtml.do?orgId=127&tblId=DT_12017N009
2024,digital_informatization_access,farmers_fishers,농어민,DT_12017N009,1,A,15110BK8AC,15110BK8,97,97,%,index_general_population_100,2025-04-28,https://kosis.kr/statHtml/statHtml.do?orgId=127&tblId=DT_12017N009
2025,digital_informatization_access,farmers_fishers,농어민,DT_12017N009,1,A,15110BK8AC,15110BK8,97.2,97.2,%,index_general_population_100,2026-04-07,https://kosis.kr/statHtml/statHtml.do?orgId=127&tblId=DT_12017N009
2014,digital_informatization_access,low_income,저소득층,DT_12017N009,1,A,15110BK8AB,15110BK8,82.2,82.2,%,index_general_population_100,2023-06-26,https://kosis.kr/statHtml/statHtml.do?orgId=127&tblId=DT_12017N009
2015,digital_informatization_access,low_income,저소득층,DT_12017N009,1,A,15110BK8AB,15110BK8,87.8,87.8,%,index_general_population_100,2023-06-26,https://kosis.kr/statHtml/statHtml.do?orgId=127&tblId=DT_12017N009
2016,digital_informatization_access,low_income,저소득층,DT_12017N009,1,A,15110BK8AB,15110BK8,89.2,89.2,%,index_general_population_100,2023-06-26,https://kosis.kr/statHtml/statHtml.do?orgId=127&tblId=DT_12017N009
2017,digital_informatization_access,low_income,저소득층,DT_12017N009,1,A,15110BK8AB,15110BK8,94.7,94.7,%,index_general_population_100,2023-06-26,https://kosis.kr/statHtml/statHtml.do?orgId=127&tblId=DT_12017N009
2018,digital_informatization_access,low_income,저소득층,DT_12017N009,1,A,15110BK8AB,15110BK8,94.9,94.9,%,index_general_population_100,2023-06-26,https://kosis.kr/statHtml/statHtml.do?orgId=127&tblId=DT_12017N009
2019,digital_informatization_access,low_income,저소득층,DT_12017N009,1,A,15110BK8AB,15110BK8,95.2,95.2,%,index_general_population_100,2023-06-26,https://kosis.kr/statHtml/statHtml.do?orgId=127&tblId=DT_12017N009
2020,digital_informatization_access,low_income,저소득층,DT_12017N009,1,A,15110BK8AB,15110BK8,98.3,98.3,%,index_general_population_100,2023-06-26,https://kosis.kr/statHtml/statHtml.do?orgId=127&tblId=DT_12017N009
2021,digital_informatization_access,low_income,저소득층,DT_12017N009,1,A,15110BK8AB,15110BK8,98.7,98.7,%,index_general_population_100,2023-06-26,https://kosis.kr/statHtml/statHtml.do?orgId=127&tblId=DT_12017N009
2022,digital_informatization_access,low_income,저소득층,DT_12017N009,1,A,15110BK8AB,15110BK8,99.5,99.5,%,index_general_population_100,2023-06-26,https://kosis.kr/statHtml/statHtml.do?orgId=127&tblId=DT_12017N009
2023,digital_informatization_access,low_income,저소득층,DT_12017N009,1,A,15110BK8AB,15110BK8,99.6,99.6,%,index_general_population_100,2024-04-28,https://kosis.kr/statHtml/statHtml.do?orgId=127&tblId=DT_12017N009
2024,digital_informatization_access,low_income,저소득층,DT_12017N009,1,A,15110BK8AB,15110BK8,99.8,99.8,%,index_general_population_100,2025-04-28,https://kosis.kr/statHtml/statHtml.do?orgId=127&tblId=DT_12017N009
2025,digital_informatization_access,low_income,저소득층,DT_12017N009,1,A,15110BK8AB,15110BK8,99.8,99.8,%,index_general_population_100,2026-04-07,https://kosis.kr/statHtml/statHtml.do?orgId=127&tblId=DT_12017N009
2014,digital_informatization_access,older_adults,고령층,DT_12017N009,1,A,15110BK8AD,15110BK8,67.3,67.3,%,index_general_population_100,2023-06-26,https://kosis.kr/statHtml/statHtml.do?orgId=127&tblId=DT_12017N009
2015,digital_informatization_access,older_adults,고령층,DT_12017N009,1,A,15110BK8AD,15110BK8,68.5,68.5,%,index_general_population_100,2023-06-26,https://kosis.kr/statHtml/statHtml.do?orgId=127&tblId=DT_12017N009
2016,digital_informatization_access,older_adults,고령층,DT_12017N009,1,A,15110BK8AD,15110BK8,82.5,82.5,%,index_general_population_100,2023-06-26,https://kosis.kr/statHtml/statHtml.do?orgId=127&tblId=DT_12017N009
2017,digital_informatization_access,older_adults,고령층,DT_12017N009,1,A,15110BK8AD,15110BK8,89.9,89.9,%,index_general_population_100,2023-06-26,https://kosis.kr/statHtml/statHtml.do?orgId=127&tblId=DT_12017N009
2018,digital_informatization_access,older_adults,고령층,DT_12017N009,1,A,15110BK8AD,15110BK8,90.1,90.1,%,index_general_population_100,2023-06-26,https://kosis.kr/statHtml/statHtml.do?orgId=127&tblId=DT_12017N009
2019,digital_informatization_access,older_adults,고령층,DT_12017N009,1,A,15110BK8AD,15110BK8,90.6,90.6,%,index_general_population_100,2023-06-26,https://kosis.kr/statHtml/statHtml.do?orgId=127&tblId=DT_12017N009
2020,digital_informatization_access,older_adults,고령층,DT_12017N009,1,A,15110BK8AD,15110BK8,92.8,92.8,%,index_general_population_100,2023-06-26,https://kosis.kr/statHtml/statHtml.do?orgId=127&tblId=DT_12017N009
2021,digital_informatization_access,older_adults,고령층,DT_12017N009,1,A,15110BK8AD,15110BK8,93.1,93.1,%,index_general_population_100,2023-06-26,https://kosis.kr/statHtml/statHtml.do?orgId=127&tblId=DT_12017N009
2022,digital_informatization_access,older_adults,고령층,DT_12017N009,1,A,15110BK8AD,15110BK8,95.1,95.1,%,index_general_population_100,2023-06-26,https://kosis.kr/statHtml/statHtml.do?orgId=127&tblId=DT_12017N009
2023,digital_informatization_access,older_adults,고령층,DT_12017N009,1,A,15110BK8AD,15110BK8,95.3,95.3,%,index_general_population_100,2024-04-28,https://kosis.kr/statHtml/statHtml.do?orgId=127&tblId=DT_12017N009
2024,digital_informatization_access,older_adults,고령층,DT_12017N009,1,A,15110BK8AD,15110BK8,95.3,95.3,%,index_general_population_100,2025-04-28,https://kosis.kr/statHtml/statHtml.do?orgId=127&tblId=DT_12017N009
2025,digital_informatization_access,older_adults,고령층,DT_12017N009,1,A,15110BK8AD,15110BK8,95.4,95.4,%,index_general_population_100,2026-04-07,https://kosis.kr/statHtml/statHtml.do?orgId=127&tblId=DT_12017N009
2014,digital_informatization_access,vulnerable_weighted,취약계층 평균,DT_12017N009,1,A,15110BK8AE,15110BK8,72.3,72.3,%,index_general_population_100,2023-06-26,https://kosis.kr/statHtml/statHtml.do?orgId=127&tblId=DT_12017N009
2015,digital_informatization_access,vulnerable_weighted,취약계층 평균,DT_12017N009,1,A,15110BK8AE,15110BK8,73.7,73.7,%,index_general_population_100,2023-06-26,https://kosis.kr/statHtml/statHtml.do?orgId=127&tblId=DT_12017N009
2016,digital_informatization_access,vulnerable_weighted,취약계층 평균,DT_12017N009,1,A,15110BK8AE,15110BK8,84.5,84.5,%,index_general_population_100,2023-06-26,https://kosis.kr/statHtml/statHtml.do?orgId=127&tblId=DT_12017N009
2017,digital_informatization_access,vulnerable_weighted,취약계층 평균,DT_12017N009,1,A,15110BK8AE,15110BK8,91,91,%,index_general_population_100,2023-06-26,https://kosis.kr/statHtml/statHtml.do?orgId=127&tblId=DT_12017N009
2018,digital_informatization_access,vulnerable_weighted,취약계층 평균,DT_12017N009,1,A,15110BK8AE,15110BK8,91.1,91.1,%,index_general_population_100,2023-06-26,https://kosis.kr/statHtml/statHtml.do?orgId=127&tblId=DT_12017N009
2019,digital_informatization_access,vulnerable_weighted,취약계층 평균,DT_12017N009,1,A,15110BK8AE,15110BK8,91.7,91.7,%,index_general_population_100,2023-06-26,https://kosis.kr/statHtml/statHtml.do?orgId=127&tblId=DT_12017N009
2020,digital_informatization_access,vulnerable_weighted,취약계층 평균,DT_12017N009,1,A,15110BK8AE,15110BK8,93.7,93.7,%,index_general_population_100,2023-06-26,https://kosis.kr/statHtml/statHtml.do?orgId=127&tblId=DT_12017N009
2021,digital_informatization_access,vulnerable_weighted,취약계층 평균,DT_12017N009,1,A,15110BK8AE,15110BK8,94.4,94.4,%,index_general_population_100,2023-06-26,https://kosis.kr/statHtml/statHtml.do?orgId=127&tblId=DT_12017N009
2022,digital_informatization_access,vulnerable_weighted,취약계층 평균,DT_12017N009,1,A,15110BK8AE,15110BK8,96,96,%,index_general_population_100,2023-06-26,https://kosis.kr/statHtml/statHtml.do?orgId=127&tblId=DT_12017N009
2023,digital_informatization_access,vulnerable_weighted,취약계층 평균,DT_12017N009,1,A,15110BK8AE,15110BK8,96.5,96.5,%,index_general_population_100,2024-04-28,https://kosis.kr/statHtml/statHtml.do?orgId=127&tblId=DT_12017N009
2024,digital_informatization_access,vulnerable_weighted,취약계층 평균,DT_12017N009,1,A,15110BK8AE,15110BK8,96.5,96.5,%,index_general_population_100,2025-04-28,https://kosis.kr/statHtml/statHtml.do?orgId=127&tblId=DT_12017N009
2025,digital_informatization_access,vulnerable_weighted,취약계층 평균,DT_12017N009,1,A,15110BK8AE,15110BK8,96.6,96.6,%,index_general_population_100,2026-04-07,https://kosis.kr/statHtml/statHtml.do?orgId=127&tblId=DT_12017N009
2014,digital_informatization_capability,disabled,장애인,DT_12017N0010,1,A,15110BK8AA,15110BK8,45,45,%,index_general_population_100,2023-06-26,https://kosis.kr/statHtml/statHtml.do?orgId=127&tblId=DT_12017N0010
2015,digital_informatization_capability,disabled,장애인,DT_12017N0010,1,A,15110BK8AA,15110BK8,47,47,%,index_general_population_100,2023-06-26,https://kosis.kr/statHtml/statHtml.do?orgId=127&tblId=DT_12017N0010
2016,digital_informatization_capability,disabled,장애인,DT_12017N0010,1,A,15110BK8AA,15110BK8,49.8,49.8,%,index_general_population_100,2023-06-26,https://kosis.kr/statHtml/statHtml.do?orgId=127&tblId=DT_12017N0010
2017,digital_informatization_capability,disabled,장애인,DT_12017N0010,1,A,15110BK8AA,15110BK8,57.7,57.7,%,index_general_population_100,2023-06-26,https://kosis.kr/statHtml/statHtml.do?orgId=127&tblId=DT_12017N0010
2018,digital_informatization_capability,disabled,장애인,DT_12017N0010,1,A,15110BK8AA,15110BK8,66.9,66.9,%,index_general_population_100,2023-06-26,https://kosis.kr/statHtml/statHtml.do?orgId=127&tblId=DT_12017N0010
2019,digital_informatization_capability,disabled,장애인,DT_12017N0010,1,A,15110BK8AA,15110BK8,67.8,67.8,%,index_general_population_100,2023-06-26,https://kosis.kr/statHtml/statHtml.do?orgId=127&tblId=DT_12017N0010
2020,digital_informatization_capability,disabled,장애인,DT_12017N0010,1,A,15110BK8AA,15110BK8,74.2,74.2,%,index_general_population_100,2023-06-26,https://kosis.kr/statHtml/statHtml.do?orgId=127&tblId=DT_12017N0010
2021,digital_informatization_capability,disabled,장애인,DT_12017N0010,1,A,15110BK8AA,15110BK8,74.9,74.9,%,index_general_population_100,2023-06-26,https://kosis.kr/statHtml/statHtml.do?orgId=127&tblId=DT_12017N0010
2022,digital_informatization_capability,disabled,장애인,DT_12017N0010,1,A,15110BK8AA,15110BK8,75.2,75.2,%,index_general_population_100,2023-06-26,https://kosis.kr/statHtml/statHtml.do?orgId=127&tblId=DT_12017N0010
2023,digital_informatization_capability,disabled,장애인,DT_12017N0010,1,A,15110BK8AA,15110BK8,75.6,75.6,%,index_general_population_100,2024-04-18,https://kosis.kr/statHtml/statHtml.do?orgId=127&tblId=DT_12017N0010
2024,digital_informatization_capability,disabled,장애인,DT_12017N0010,1,A,15110BK8AA,15110BK8,76.1,76.1,%,index_general_population_100,2025-04-28,https://kosis.kr/statHtml/statHtml.do?orgId=127&tblId=DT_12017N0010
2025,digital_informatization_capability,disabled,장애인,DT_12017N0010,1,A,15110BK8AA,15110BK8,77,77,%,index_general_population_100,2026-04-07,https://kosis.kr/statHtml/statHtml.do?orgId=127&tblId=DT_12017N0010
2014,digital_informatization_capability,farmers_fishers,농어민,DT_12017N0010,1,A,15110BK8AC,15110BK8,40.7,40.7,%,index_general_population_100,2023-06-26,https://kosis.kr/statHtml/statHtml.do?orgId=127&tblId=DT_12017N0010
2015,digital_informatization_capability,farmers_fishers,농어민,DT_12017N0010,1,A,15110BK8AC,15110BK8,41.2,41.2,%,index_general_population_100,2023-06-26,https://kosis.kr/statHtml/statHtml.do?orgId=127&tblId=DT_12017N0010
2016,digital_informatization_capability,farmers_fishers,농어민,DT_12017N0010,1,A,15110BK8AC,15110BK8,46.2,46.2,%,index_general_population_100,2023-06-26,https://kosis.kr/statHtml/statHtml.do?orgId=127&tblId=DT_12017N0010
2017,digital_informatization_capability,farmers_fishers,농어민,DT_12017N0010,1,A,15110BK8AC,15110BK8,53.4,53.4,%,index_general_population_100,2023-06-26,https://kosis.kr/statHtml/statHtml.do?orgId=127&tblId=DT_12017N0010
2018,digital_informatization_capability,farmers_fishers,농어민,DT_12017N0010,1,A,15110BK8AC,15110BK8,63,63,%,index_general_population_100,2023-06-26,https://kosis.kr/statHtml/statHtml.do?orgId=127&tblId=DT_12017N0010
2019,digital_informatization_capability,farmers_fishers,농어민,DT_12017N0010,1,A,15110BK8AC,15110BK8,63.6,63.6,%,index_general_population_100,2023-06-26,https://kosis.kr/statHtml/statHtml.do?orgId=127&tblId=DT_12017N0010
2020,digital_informatization_capability,farmers_fishers,농어민,DT_12017N0010,1,A,15110BK8AC,15110BK8,69,69,%,index_general_population_100,2023-06-26,https://kosis.kr/statHtml/statHtml.do?orgId=127&tblId=DT_12017N0010
2021,digital_informatization_capability,farmers_fishers,농어민,DT_12017N0010,1,A,15110BK8AC,15110BK8,69.6,69.6,%,index_general_population_100,2023-06-26,https://kosis.kr/statHtml/statHtml.do?orgId=127&tblId=DT_12017N0010
2022,digital_informatization_capability,farmers_fishers,농어민,DT_12017N0010,1,A,15110BK8AC,15110BK8,70.6,70.6,%,index_general_population_100,2023-06-26,https://kosis.kr/statHtml/statHtml.do?orgId=127&tblId=DT_12017N0010
2023,digital_informatization_capability,farmers_fishers,농어민,DT_12017N0010,1,A,15110BK8AC,15110BK8,71,71,%,index_general_population_100,2024-04-18,https://kosis.kr/statHtml/statHtml.do?orgId=127&tblId=DT_12017N0010
2024,digital_informatization_capability,farmers_fishers,농어민,DT_12017N0010,1,A,15110BK8AC,15110BK8,71.8,71.8,%,index_general_population_100,2025-04-28,https://kosis.kr/statHtml/statHtml.do?orgId=127&tblId=DT_12017N0010
2025,digital_informatization_capability,farmers_fishers,농어민,DT_12017N0010,1,A,15110BK8AC,15110BK8,72.4,72.4,%,index_general_population_100,2026-04-07,https://kosis.kr/statHtml/statHtml.do?orgId=127&tblId=DT_12017N0010
2014,digital_informatization_capability,low_income,저소득층,DT_12017N0010,1,A,15110BK8AB,15110BK8,66.8,66.8,%,index_general_population_100,2023-06-26,https://kosis.kr/statHtml/statHtml.do?orgId=127&tblId=DT_12017N0010
2015,digital_informatization_capability,low_income,저소득층,DT_12017N0010,1,A,15110BK8AB,15110BK8,67.2,67.2,%,index_general_population_100,2023-06-26,https://kosis.kr/statHtml/statHtml.do?orgId=127&tblId=DT_12017N0010
2016,digital_informatization_capability,low_income,저소득층,DT_12017N0010,1,A,15110BK8AB,15110BK8,69.1,69.1,%,index_general_population_100,2023-06-26,https://kosis.kr/statHtml/statHtml.do?orgId=127&tblId=DT_12017N0010
2017,digital_informatization_capability,low_income,저소득층,DT_12017N0010,1,A,15110BK8AB,15110BK8,78.5,78.5,%,index_general_population_100,2023-06-26,https://kosis.kr/statHtml/statHtml.do?orgId=127&tblId=DT_12017N0010
2018,digital_informatization_capability,low_income,저소득층,DT_12017N0010,1,A,15110BK8AB,15110BK8,85.3,85.3,%,index_general_population_100,2023-06-26,https://kosis.kr/statHtml/statHtml.do?orgId=127&tblId=DT_12017N0010
2019,digital_informatization_capability,low_income,저소득층,DT_12017N0010,1,A,15110BK8AB,15110BK8,86.5,86.5,%,index_general_population_100,2023-06-26,https://kosis.kr/statHtml/statHtml.do?orgId=127&tblId=DT_12017N0010
2020,digital_informatization_capability,low_income,저소득층,DT_12017N0010,1,A,15110BK8AB,15110BK8,92.5,92.5,%,index_general_population_100,2023-06-26,https://kosis.kr/statHtml/statHtml.do?orgId=127&tblId=DT_12017N0010
2021,digital_informatization_capability,low_income,저소득층,DT_12017N0010,1,A,15110BK8AB,15110BK8,92.9,92.9,%,index_general_population_100,2023-06-26,https://kosis.kr/statHtml/statHtml.do?orgId=127&tblId=DT_12017N0010
2022,digital_informatization_capability,low_income,저소득층,DT_12017N0010,1,A,15110BK8AB,15110BK8,92.9,92.9,%,index_general_population_100,2023-06-26,https://kosis.kr/statHtml/statHtml.do?orgId=127&tblId=DT_12017N0010
2023,digital_informatization_capability,low_income,저소득층,DT_12017N0010,1,A,15110BK8AB,15110BK8,93,93,%,index_general_population_100,2024-04-18,https://kosis.kr/statHtml/statHtml.do?orgId=127&tblId=DT_12017N0010
2024,digital_informatization_capability,low_income,저소득층,DT_12017N0010,1,A,15110BK8AB,15110BK8,93.3,93.3,%,index_general_population_100,2025-04-28,https://kosis.kr/statHtml/statHtml.do?orgId=127&tblId=DT_12017N0010
2025,digital_informatization_capability,low_income,저소득층,DT_12017N0010,1,A,15110BK8AB,15110BK8,94.1,94.1,%,index_general_population_100,2026-04-07,https://kosis.kr/statHtml/statHtml.do?orgId=127&tblId=DT_12017N0010
2014,digital_informatization_capability,older_adults,고령층,DT_12017N0010,1,A,15110BK8AD,15110BK8,23.4,23.4,%,index_general_population_100,2023-06-26,https://kosis.kr/statHtml/statHtml.do?orgId=127&tblId=DT_12017N0010
2015,digital_informatization_capability,older_adults,고령층,DT_12017N0010,1,A,15110BK8AD,15110BK8,29.6,29.6,%,index_general_population_100,2023-06-26,https://kosis.kr/statHtml/statHtml.do?orgId=127&tblId=DT_12017N0010
2016,digital_informatization_capability,older_adults,고령층,DT_12017N0010,1,A,15110BK8AD,15110BK8,34.9,34.9,%,index_general_population_100,2023-06-26,https://kosis.kr/statHtml/statHtml.do?orgId=127&tblId=DT_12017N0010
2017,digital_informatization_capability,older_adults,고령층,DT_12017N0010,1,A,15110BK8AD,15110BK8,41,41,%,index_general_population_100,2023-06-26,https://kosis.kr/statHtml/statHtml.do?orgId=127&tblId=DT_12017N0010
2018,digital_informatization_capability,older_adults,고령층,DT_12017N0010,1,A,15110BK8AD,15110BK8,50,50,%,index_general_population_100,2023-06-26,https://kosis.kr/statHtml/statHtml.do?orgId=127&tblId=DT_12017N0010
2019,digital_informatization_capability,older_adults,고령층,DT_12017N0010,1,A,15110BK8AD,15110BK8,51.6,51.6,%,index_general_population_100,2023-06-26,https://kosis.kr/statHtml/statHtml.do?orgId=127&tblId=DT_12017N0010
2020,digital_informatization_capability,older_adults,고령층,DT_12017N0010,1,A,15110BK8AD,15110BK8,53.7,53.7,%,index_general_population_100,2023-06-26,https://kosis.kr/statHtml/statHtml.do?orgId=127&tblId=DT_12017N0010
2021,digital_informatization_capability,older_adults,고령층,DT_12017N0010,1,A,15110BK8AD,15110BK8,53.9,53.9,%,index_general_population_100,2023-06-26,https://kosis.kr/statHtml/statHtml.do?orgId=127&tblId=DT_12017N0010
2022,digital_informatization_capability,older_adults,고령층,DT_12017N0010,1,A,15110BK8AD,15110BK8,54.5,54.5,%,index_general_population_100,2023-06-26,https://kosis.kr/statHtml/statHtml.do?orgId=127&tblId=DT_12017N0010
2023,digital_informatization_capability,older_adults,고령층,DT_12017N0010,1,A,15110BK8AD,15110BK8,55.3,55.3,%,index_general_population_100,2024-04-18,https://kosis.kr/statHtml/statHtml.do?orgId=127&tblId=DT_12017N0010
2024,digital_informatization_capability,older_adults,고령층,DT_12017N0010,1,A,15110BK8AD,15110BK8,55.9,55.9,%,index_general_population_100,2025-04-28,https://kosis.kr/statHtml/statHtml.do?orgId=127&tblId=DT_12017N0010
2025,digital_informatization_capability,older_adults,고령층,DT_12017N0010,1,A,15110BK8AD,15110BK8,56.2,56.2,%,index_general_population_100,2026-04-07,https://kosis.kr/statHtml/statHtml.do?orgId=127&tblId=DT_12017N0010
2014,digital_informatization_capability,vulnerable_weighted,취약계층 평균,DT_12017N0010,1,A,15110BK8AE,15110BK8,34.6,34.6,%,index_general_population_100,2023-06-26,https://kosis.kr/statHtml/statHtml.do?orgId=127&tblId=DT_12017N0010
2015,digital_informatization_capability,vulnerable_weighted,취약계층 평균,DT_12017N0010,1,A,15110BK8AE,15110BK8,37.4,37.4,%,index_general_population_100,2023-06-26,https://kosis.kr/statHtml/statHtml.do?orgId=127&tblId=DT_12017N0010
2016,digital_informatization_capability,vulnerable_weighted,취약계층 평균,DT_12017N0010,1,A,15110BK8AE,15110BK8,45.2,45.2,%,index_general_population_100,2023-06-26,https://kosis.kr/statHtml/statHtml.do?orgId=127&tblId=DT_12017N0010
2017,digital_informatization_capability,vulnerable_weighted,취약계층 평균,DT_12017N0010,1,A,15110BK8AE,15110BK8,51.9,51.9,%,index_general_population_100,2023-06-26,https://kosis.kr/statHtml/statHtml.do?orgId=127&tblId=DT_12017N0010
2018,digital_informatization_capability,vulnerable_weighted,취약계층 평균,DT_12017N0010,1,A,15110BK8AE,15110BK8,59.1,59.1,%,index_general_population_100,2023-06-26,https://kosis.kr/statHtml/statHtml.do?orgId=127&tblId=DT_12017N0010
2019,digital_informatization_capability,vulnerable_weighted,취약계층 평균,DT_12017N0010,1,A,15110BK8AE,15110BK8,60.2,60.2,%,index_general_population_100,2023-06-26,https://kosis.kr/statHtml/statHtml.do?orgId=127&tblId=DT_12017N0010
2020,digital_informatization_capability,vulnerable_weighted,취약계층 평균,DT_12017N0010,1,A,15110BK8AE,15110BK8,60.3,60.3,%,index_general_population_100,2023-06-26,https://kosis.kr/statHtml/statHtml.do?orgId=127&tblId=DT_12017N0010
2021,digital_informatization_capability,vulnerable_weighted,취약계층 평균,DT_12017N0010,1,A,15110BK8AE,15110BK8,63.8,63.8,%,index_general_population_100,2023-06-26,https://kosis.kr/statHtml/statHtml.do?orgId=127&tblId=DT_12017N0010
2022,digital_informatization_capability,vulnerable_weighted,취약계층 평균,DT_12017N0010,1,A,15110BK8AE,15110BK8,64.5,64.5,%,index_general_population_100,2023-06-26,https://kosis.kr/statHtml/statHtml.do?orgId=127&tblId=DT_12017N0010
2023,digital_informatization_capability,vulnerable_weighted,취약계층 평균,DT_12017N0010,1,A,15110BK8AE,15110BK8,65.1,65.1,%,index_general_population_100,2024-04-18,https://kosis.kr/statHtml/statHtml.do?orgId=127&tblId=DT_12017N0010
2024,digital_informatization_capability,vulnerable_weighted,취약계층 평균,DT_12017N0010,1,A,15110BK8AE,15110BK8,65.6,65.6,%,index_general_population_100,2025-04-28,https://kosis.kr/statHtml/statHtml.do?orgId=127&tblId=DT_12017N0010
2025,digital_informatization_capability,vulnerable_weighted,취약계층 평균,DT_12017N0010,1,A,15110BK8AE,15110BK8,65.9,65.9,%,index_general_population_100,2026-04-07,https://kosis.kr/statHtml/statHtml.do?orgId=127&tblId=DT_12017N0010
2014,digital_informatization_overall,disabled,장애인,DT_12017N008,1,A,15110BK8AA,15110BK8,60.2,60.2,%,index_general_population_100,2023-06-26,https://kosis.kr/statHtml/statHtml.do?orgId=127&tblId=DT_12017N008
2015,digital_informatization_overall,disabled,장애인,DT_12017N008,1,A,15110BK8AA,15110BK8,62.5,62.5,%,index_general_population_100,2023-06-26,https://kosis.kr/statHtml/statHtml.do?orgId=127&tblId=DT_12017N008
2016,digital_informatization_overall,disabled,장애인,DT_12017N008,1,A,15110BK8AA,15110BK8,65.4,65.4,%,index_general_population_100,2023-06-26,https://kosis.kr/statHtml/statHtml.do?orgId=127&tblId=DT_12017N008
2017,digital_informatization_overall,disabled,장애인,DT_12017N008,1,A,15110BK8AA,15110BK8,70,70,%,index_general_population_100,2023-06-26,https://kosis.kr/statHtml/statHtml.do?orgId=127&tblId=DT_12017N008
2018,digital_informatization_overall,disabled,장애인,DT_12017N008,1,A,15110BK8AA,15110BK8,74.6,74.6,%,index_general_population_100,2023-06-26,https://kosis.kr/statHtml/statHtml.do?orgId=127&tblId=DT_12017N008
2019,digital_informatization_overall,disabled,장애인,DT_12017N008,1,A,15110BK8AA,15110BK8,75.2,75.2,%,index_general_population_100,2023-06-26,https://kosis.kr/statHtml/statHtml.do?orgId=127&tblId=DT_12017N008
2020,digital_informatization_overall,disabled,장애인,DT_12017N008,1,A,15110BK8AA,15110BK8,81.3,81.3,%,index_general_population_100,2023-06-26,https://kosis.kr/statHtml/statHtml.do?orgId=127&tblId=DT_12017N008
2021,digital_informatization_overall,disabled,장애인,DT_12017N008,1,A,15110BK8AA,15110BK8,81.7,81.7,%,index_general_population_100,2023-06-26,https://kosis.kr/statHtml/statHtml.do?orgId=127&tblId=DT_12017N008
2022,digital_informatization_overall,disabled,장애인,DT_12017N008,1,A,15110BK8AA,15110BK8,82.2,82.2,%,index_general_population_100,2023-06-26,https://kosis.kr/statHtml/statHtml.do?orgId=127&tblId=DT_12017N008
2023,digital_informatization_overall,disabled,장애인,DT_12017N008,1,A,15110BK8AA,15110BK8,82.8,82.8,%,index_general_population_100,2024-04-28,https://kosis.kr/statHtml/statHtml.do?orgId=127&tblId=DT_12017N008
2024,digital_informatization_overall,disabled,장애인,DT_12017N008,1,A,15110BK8AA,15110BK8,83.5,83.5,%,index_general_population_100,2025-04-28,https://kosis.kr/statHtml/statHtml.do?orgId=127&tblId=DT_12017N008
2025,digital_informatization_overall,disabled,장애인,DT_12017N008,1,A,15110BK8AA,15110BK8,84.1,84.1,%,index_general_population_100,2026-04-07,https://kosis.kr/statHtml/statHtml.do?orgId=127&tblId=DT_12017N008
2014,digital_informatization_overall,farmers_fishers,농어민,DT_12017N008,1,A,15110BK8AC,15110BK8,51.4,51.4,%,index_general_population_100,2023-06-26,https://kosis.kr/statHtml/statHtml.do?orgId=127&tblId=DT_12017N008
2015,digital_informatization_overall,farmers_fishers,농어민,DT_12017N008,1,A,15110BK8AC,15110BK8,55.2,55.2,%,index_general_population_100,2023-06-26,https://kosis.kr/statHtml/statHtml.do?orgId=127&tblId=DT_12017N008
2016,digital_informatization_overall,farmers_fishers,농어민,DT_12017N008,1,A,15110BK8AC,15110BK8,61.1,61.1,%,index_general_population_100,2023-06-26,https://kosis.kr/statHtml/statHtml.do?orgId=127&tblId=DT_12017N008
2017,digital_informatization_overall,farmers_fishers,농어민,DT_12017N008,1,A,15110BK8AC,15110BK8,64.8,64.8,%,index_general_population_100,2023-06-26,https://kosis.kr/statHtml/statHtml.do?orgId=127&tblId=DT_12017N008
2018,digital_informatization_overall,farmers_fishers,농어민,DT_12017N008,1,A,15110BK8AC,15110BK8,69.8,69.8,%,index_general_population_100,2023-06-26,https://kosis.kr/statHtml/statHtml.do?orgId=127&tblId=DT_12017N008
2019,digital_informatization_overall,farmers_fishers,농어민,DT_12017N008,1,A,15110BK8AC,15110BK8,70.6,70.6,%,index_general_population_100,2023-06-26,https://kosis.kr/statHtml/statHtml.do?orgId=127&tblId=DT_12017N008
2020,digital_informatization_overall,farmers_fishers,농어민,DT_12017N008,1,A,15110BK8AC,15110BK8,77.3,77.3,%,index_general_population_100,2023-06-26,https://kosis.kr/statHtml/statHtml.do?orgId=127&tblId=DT_12017N008
2021,digital_informatization_overall,farmers_fishers,농어민,DT_12017N008,1,A,15110BK8AC,15110BK8,78.1,78.1,%,index_general_population_100,2023-06-26,https://kosis.kr/statHtml/statHtml.do?orgId=127&tblId=DT_12017N008
2022,digital_informatization_overall,farmers_fishers,농어민,DT_12017N008,1,A,15110BK8AC,15110BK8,78.9,78.9,%,index_general_population_100,2023-06-26,https://kosis.kr/statHtml/statHtml.do?orgId=127&tblId=DT_12017N008
2023,digital_informatization_overall,farmers_fishers,농어민,DT_12017N008,1,A,15110BK8AC,15110BK8,79.5,79.5,%,index_general_population_100,2024-04-28,https://kosis.kr/statHtml/statHtml.do?orgId=127&tblId=DT_12017N008
2024,digital_informatization_overall,farmers_fishers,농어민,DT_12017N008,1,A,15110BK8AC,15110BK8,80,80,%,index_general_population_100,2025-04-28,https://kosis.kr/statHtml/statHtml.do?orgId=127&tblId=DT_12017N008
2025,digital_informatization_overall,farmers_fishers,농어민,DT_12017N008,1,A,15110BK8AC,15110BK8,80.6,80.6,%,index_general_population_100,2026-04-07,https://kosis.kr/statHtml/statHtml.do?orgId=127&tblId=DT_12017N008
2014,digital_informatization_overall,low_income,저소득층,DT_12017N008,1,A,15110BK8AB,15110BK8,72.5,72.5,%,index_general_population_100,2023-06-26,https://kosis.kr/statHtml/statHtml.do?orgId=127&tblId=DT_12017N008
2015,digital_informatization_overall,low_income,저소득층,DT_12017N008,1,A,15110BK8AB,15110BK8,74.5,74.5,%,index_general_population_100,2023-06-26,https://kosis.kr/statHtml/statHtml.do?orgId=127&tblId=DT_12017N008
2016,digital_informatization_overall,low_income,저소득층,DT_12017N008,1,A,15110BK8AB,15110BK8,77.3,77.3,%,index_general_population_100,2023-06-26,https://kosis.kr/statHtml/statHtml.do?orgId=127&tblId=DT_12017N008
2017,digital_informatization_overall,low_income,저소득층,DT_12017N008,1,A,15110BK8AB,15110BK8,81.4,81.4,%,index_general_population_100,2023-06-26,https://kosis.kr/statHtml/statHtml.do?orgId=127&tblId=DT_12017N008
2018,digital_informatization_overall,low_income,저소득층,DT_12017N008,1,A,15110BK8AB,15110BK8,86.8,86.8,%,index_general_population_100,2023-06-26,https://kosis.kr/statHtml/statHtml.do?orgId=127&tblId=DT_12017N008
2019,digital_informatization_overall,low_income,저소득층,DT_12017N008,1,A,15110BK8AB,15110BK8,87.8,87.8,%,index_general_population_100,2023-06-26,https://kosis.kr/statHtml/statHtml.do?orgId=127&tblId=DT_12017N008
2020,digital_informatization_overall,low_income,저소득층,DT_12017N008,1,A,15110BK8AB,15110BK8,95.1,95.1,%,index_general_population_100,2023-06-26,https://kosis.kr/statHtml/statHtml.do?orgId=127&tblId=DT_12017N008
2021,digital_informatization_overall,low_income,저소득층,DT_12017N008,1,A,15110BK8AB,15110BK8,95.4,95.4,%,index_general_population_100,2023-06-26,https://kosis.kr/statHtml/statHtml.do?orgId=127&tblId=DT_12017N008
2022,digital_informatization_overall,low_income,저소득층,DT_12017N008,1,A,15110BK8AB,15110BK8,95.6,95.6,%,index_general_population_100,2023-06-26,https://kosis.kr/statHtml/statHtml.do?orgId=127&tblId=DT_12017N008
2023,digital_informatization_overall,low_income,저소득층,DT_12017N008,1,A,15110BK8AB,15110BK8,96.1,96.1,%,index_general_population_100,2024-04-28,https://kosis.kr/statHtml/statHtml.do?orgId=127&tblId=DT_12017N008
2024,digital_informatization_overall,low_income,저소득층,DT_12017N008,1,A,15110BK8AB,15110BK8,96.5,96.5,%,index_general_population_100,2025-04-28,https://kosis.kr/statHtml/statHtml.do?orgId=127&tblId=DT_12017N008
2025,digital_informatization_overall,low_income,저소득층,DT_12017N008,1,A,15110BK8AB,15110BK8,97,97,%,index_general_population_100,2026-04-07,https://kosis.kr/statHtml/statHtml.do?orgId=127&tblId=DT_12017N008
2014,digital_informatization_overall,older_adults,고령층,DT_12017N008,1,A,15110BK8AD,15110BK8,42.4,42.4,%,index_general_population_100,2023-06-26,https://kosis.kr/statHtml/statHtml.do?orgId=127&tblId=DT_12017N008
2015,digital_informatization_overall,older_adults,고령층,DT_12017N008,1,A,15110BK8AD,15110BK8,45.6,45.6,%,index_general_population_100,2023-06-26,https://kosis.kr/statHtml/statHtml.do?orgId=127&tblId=DT_12017N008
2016,digital_informatization_overall,older_adults,고령층,DT_12017N008,1,A,15110BK8AD,15110BK8,54,54,%,index_general_population_100,2023-06-26,https://kosis.kr/statHtml/statHtml.do?orgId=127&tblId=DT_12017N008
2017,digital_informatization_overall,older_adults,고령층,DT_12017N008,1,A,15110BK8AD,15110BK8,58.3,58.3,%,index_general_population_100,2023-06-26,https://kosis.kr/statHtml/statHtml.do?orgId=127&tblId=DT_12017N008
2018,digital_informatization_overall,older_adults,고령층,DT_12017N008,1,A,15110BK8AD,15110BK8,63.1,63.1,%,index_general_population_100,2023-06-26,https://kosis.kr/statHtml/statHtml.do?orgId=127&tblId=DT_12017N008
2019,digital_informatization_overall,older_adults,고령층,DT_12017N008,1,A,15110BK8AD,15110BK8,64.3,64.3,%,index_general_population_100,2023-06-26,https://kosis.kr/statHtml/statHtml.do?orgId=127&tblId=DT_12017N008
2020,digital_informatization_overall,older_adults,고령층,DT_12017N008,1,A,15110BK8AD,15110BK8,68.6,68.6,%,index_general_population_100,2023-06-26,https://kosis.kr/statHtml/statHtml.do?orgId=127&tblId=DT_12017N008
2021,digital_informatization_overall,older_adults,고령층,DT_12017N008,1,A,15110BK8AD,15110BK8,69.1,69.1,%,index_general_population_100,2023-06-26,https://kosis.kr/statHtml/statHtml.do?orgId=127&tblId=DT_12017N008
2022,digital_informatization_overall,older_adults,고령층,DT_12017N008,1,A,15110BK8AD,15110BK8,69.9,69.9,%,index_general_population_100,2023-06-26,https://kosis.kr/statHtml/statHtml.do?orgId=127&tblId=DT_12017N008
2023,digital_informatization_overall,older_adults,고령층,DT_12017N008,1,A,15110BK8AD,15110BK8,70.7,70.7,%,index_general_population_100,2024-04-28,https://kosis.kr/statHtml/statHtml.do?orgId=127&tblId=DT_12017N008
2024,digital_informatization_overall,older_adults,고령층,DT_12017N008,1,A,15110BK8AD,15110BK8,71.4,71.4,%,index_general_population_100,2025-04-28,https://kosis.kr/statHtml/statHtml.do?orgId=127&tblId=DT_12017N008
2025,digital_informatization_overall,older_adults,고령층,DT_12017N008,1,A,15110BK8AD,15110BK8,71.8,71.8,%,index_general_population_100,2026-04-07,https://kosis.kr/statHtml/statHtml.do?orgId=127&tblId=DT_12017N008
2014,digital_informatization_overall,vulnerable_weighted,취약계층 평균,DT_12017N008,1,A,15110BK8AE,15110BK8,50.1,50.1,%,index_general_population_100,2023-06-26,https://kosis.kr/statHtml/statHtml.do?orgId=127&tblId=DT_12017N008
2015,digital_informatization_overall,vulnerable_weighted,취약계층 평균,DT_12017N008,1,A,15110BK8AE,15110BK8,52.4,52.4,%,index_general_population_100,2023-06-26,https://kosis.kr/statHtml/statHtml.do?orgId=127&tblId=DT_12017N008
2016,digital_informatization_overall,vulnerable_weighted,취약계층 평균,DT_12017N008,1,A,15110BK8AE,15110BK8,58.6,58.6,%,index_general_population_100,2023-06-26,https://kosis.kr/statHtml/statHtml.do?orgId=127&tblId=DT_12017N008
2017,digital_informatization_overall,vulnerable_weighted,취약계층 평균,DT_12017N008,1,A,15110BK8AE,15110BK8,65.1,65.1,%,index_general_population_100,2023-06-26,https://kosis.kr/statHtml/statHtml.do?orgId=127&tblId=DT_12017N008
2018,digital_informatization_overall,vulnerable_weighted,취약계층 평균,DT_12017N008,1,A,15110BK8AE,15110BK8,68.9,68.9,%,index_general_population_100,2023-06-26,https://kosis.kr/statHtml/statHtml.do?orgId=127&tblId=DT_12017N008
2019,digital_informatization_overall,vulnerable_weighted,취약계층 평균,DT_12017N008,1,A,15110BK8AE,15110BK8,69.9,69.9,%,index_general_population_100,2023-06-26,https://kosis.kr/statHtml/statHtml.do?orgId=127&tblId=DT_12017N008
2020,digital_informatization_overall,vulnerable_weighted,취약계층 평균,DT_12017N008,1,A,15110BK8AE,15110BK8,72.7,72.7,%,index_general_population_100,2023-06-26,https://kosis.kr/statHtml/statHtml.do?orgId=127&tblId=DT_12017N008
2021,digital_informatization_overall,vulnerable_weighted,취약계층 평균,DT_12017N008,1,A,15110BK8AE,15110BK8,75.4,75.4,%,index_general_population_100,2023-06-26,https://kosis.kr/statHtml/statHtml.do?orgId=127&tblId=DT_12017N008
2022,digital_informatization_overall,vulnerable_weighted,취약계층 평균,DT_12017N008,1,A,15110BK8AE,15110BK8,76.2,76.2,%,index_general_population_100,2023-06-26,https://kosis.kr/statHtml/statHtml.do?orgId=127&tblId=DT_12017N008
2023,digital_informatization_overall,vulnerable_weighted,취약계층 평균,DT_12017N008,1,A,15110BK8AE,15110BK8,76.9,76.9,%,index_general_population_100,2024-04-28,https://kosis.kr/statHtml/statHtml.do?orgId=127&tblId=DT_12017N008
2024,digital_informatization_overall,vulnerable_weighted,취약계층 평균,DT_12017N008,1,A,15110BK8AE,15110BK8,77.5,77.5,%,index_general_population_100,2025-04-28,https://kosis.kr/statHtml/statHtml.do?orgId=127&tblId=DT_12017N008
2025,digital_informatization_overall,vulnerable_weighted,취약계층 평균,DT_12017N008,1,A,15110BK8AE,15110BK8,77.9,77.9,%,index_general_population_100,2026-04-07,https://kosis.kr/statHtml/statHtml.do?orgId=127&tblId=DT_12017N008
2014,digital_informatization_utilization,disabled,장애인,DT_12017N0011,1,A,15110BK8AA,15110BK8,59.7,59.7,%,index_general_population_100,2023-06-26,https://kosis.kr/statHtml/statHtml.do?orgId=127&tblId=DT_12017N0011
2015,digital_informatization_utilization,disabled,장애인,DT_12017N0011,1,A,15110BK8AA,15110BK8,62.4,62.4,%,index_general_population_100,2023-06-26,https://kosis.kr/statHtml/statHtml.do?orgId=127&tblId=DT_12017N0011
2016,digital_informatization_utilization,disabled,장애인,DT_12017N0011,1,A,15110BK8AA,15110BK8,64.6,64.6,%,index_general_population_100,2023-06-26,https://kosis.kr/statHtml/statHtml.do?orgId=127&tblId=DT_12017N0011
2017,digital_informatization_utilization,disabled,장애인,DT_12017N0011,1,A,15110BK8AA,15110BK8,71.5,71.5,%,index_general_population_100,2023-06-26,https://kosis.kr/statHtml/statHtml.do?orgId=127&tblId=DT_12017N0011
2018,digital_informatization_utilization,disabled,장애인,DT_12017N0011,1,A,15110BK8AA,15110BK8,73.6,73.6,%,index_general_population_100,2023-06-26,https://kosis.kr/statHtml/statHtml.do?orgId=127&tblId=DT_12017N0011
2019,digital_informatization_utilization,disabled,장애인,DT_12017N0011,1,A,15110BK8AA,15110BK8,74,74,%,index_general_population_100,2023-06-26,https://kosis.kr/statHtml/statHtml.do?orgId=127&tblId=DT_12017N0011
2020,digital_informatization_utilization,disabled,장애인,DT_12017N0011,1,A,15110BK8AA,15110BK8,81.4,81.4,%,index_general_population_100,2023-06-26,https://kosis.kr/statHtml/statHtml.do?orgId=127&tblId=DT_12017N0011
2021,digital_informatization_utilization,disabled,장애인,DT_12017N0011,1,A,15110BK8AA,15110BK8,81.5,81.5,%,index_general_population_100,2023-06-26,https://kosis.kr/statHtml/statHtml.do?orgId=127&tblId=DT_12017N0011
2022,digital_informatization_utilization,disabled,장애인,DT_12017N0011,1,A,15110BK8AA,15110BK8,82,82,%,index_general_population_100,2023-06-26,https://kosis.kr/statHtml/statHtml.do?orgId=127&tblId=DT_12017N0011
2023,digital_informatization_utilization,disabled,장애인,DT_12017N0011,1,A,15110BK8AA,15110BK8,82.5,82.5,%,index_general_population_100,2024-04-18,https://kosis.kr/statHtml/statHtml.do?orgId=127&tblId=DT_12017N0011
2024,digital_informatization_utilization,disabled,장애인,DT_12017N0011,1,A,15110BK8AA,15110BK8,83.7,83.7,%,index_general_population_100,2025-04-28,https://kosis.kr/statHtml/statHtml.do?orgId=127&tblId=DT_12017N0011
2025,digital_informatization_utilization,disabled,장애인,DT_12017N0011,1,A,15110BK8AA,15110BK8,84.3,84.3,%,index_general_population_100,2026-04-07,https://kosis.kr/statHtml/statHtml.do?orgId=127&tblId=DT_12017N0011
2014,digital_informatization_utilization,farmers_fishers,농어민,DT_12017N0011,1,A,15110BK8AC,15110BK8,48.6,48.6,%,index_general_population_100,2023-06-26,https://kosis.kr/statHtml/statHtml.do?orgId=127&tblId=DT_12017N0011
2015,digital_informatization_utilization,farmers_fishers,농어민,DT_12017N0011,1,A,15110BK8AC,15110BK8,55.5,55.5,%,index_general_population_100,2023-06-26,https://kosis.kr/statHtml/statHtml.do?orgId=127&tblId=DT_12017N0011
2016,digital_informatization_utilization,farmers_fishers,농어민,DT_12017N0011,1,A,15110BK8AC,15110BK8,59,59,%,index_general_population_100,2023-06-26,https://kosis.kr/statHtml/statHtml.do?orgId=127&tblId=DT_12017N0011
2017,digital_informatization_utilization,farmers_fishers,농어민,DT_12017N0011,1,A,15110BK8AC,15110BK8,63.3,63.3,%,index_general_population_100,2023-06-26,https://kosis.kr/statHtml/statHtml.do?orgId=127&tblId=DT_12017N0011
2018,digital_informatization_utilization,farmers_fishers,농어민,DT_12017N0011,1,A,15110BK8AC,15110BK8,65.9,65.9,%,index_general_population_100,2023-06-26,https://kosis.kr/statHtml/statHtml.do?orgId=127&tblId=DT_12017N0011
2019,digital_informatization_utilization,farmers_fishers,농어민,DT_12017N0011,1,A,15110BK8AC,15110BK8,67.2,67.2,%,index_general_population_100,2023-06-26,https://kosis.kr/statHtml/statHtml.do?orgId=127&tblId=DT_12017N0011
2020,digital_informatization_utilization,farmers_fishers,농어민,DT_12017N0011,1,A,15110BK8AC,15110BK8,76.9,76.9,%,index_general_population_100,2023-06-26,https://kosis.kr/statHtml/statHtml.do?orgId=127&tblId=DT_12017N0011
2021,digital_informatization_utilization,farmers_fishers,농어민,DT_12017N0011,1,A,15110BK8AC,15110BK8,78.1,78.1,%,index_general_population_100,2023-06-26,https://kosis.kr/statHtml/statHtml.do?orgId=127&tblId=DT_12017N0011
2022,digital_informatization_utilization,farmers_fishers,농어민,DT_12017N0011,1,A,15110BK8AC,15110BK8,78.8,78.8,%,index_general_population_100,2023-06-26,https://kosis.kr/statHtml/statHtml.do?orgId=127&tblId=DT_12017N0011
2023,digital_informatization_utilization,farmers_fishers,농어민,DT_12017N0011,1,A,15110BK8AC,15110BK8,79.2,79.2,%,index_general_population_100,2024-04-18,https://kosis.kr/statHtml/statHtml.do?orgId=127&tblId=DT_12017N0011
2024,digital_informatization_utilization,farmers_fishers,농어민,DT_12017N0011,1,A,15110BK8AC,15110BK8,79.6,79.6,%,index_general_population_100,2025-04-28,https://kosis.kr/statHtml/statHtml.do?orgId=127&tblId=DT_12017N0011
2025,digital_informatization_utilization,farmers_fishers,농어민,DT_12017N0011,1,A,15110BK8AC,15110BK8,80.5,80.5,%,index_general_population_100,2026-04-07,https://kosis.kr/statHtml/statHtml.do?orgId=127&tblId=DT_12017N0011
2014,digital_informatization_utilization,low_income,저소득층,DT_12017N0011,1,A,15110BK8AB,15110BK8,70.3,70.3,%,index_general_population_100,2023-06-26,https://kosis.kr/statHtml/statHtml.do?orgId=127&tblId=DT_12017N0011
2015,digital_informatization_utilization,low_income,저소득층,DT_12017N0011,1,A,15110BK8AB,15110BK8,71.5,71.5,%,index_general_population_100,2023-06-26,https://kosis.kr/statHtml/statHtml.do?orgId=127&tblId=DT_12017N0011
2016,digital_informatization_utilization,low_income,저소득층,DT_12017N0011,1,A,15110BK8AB,15110BK8,76.9,76.9,%,index_general_population_100,2023-06-26,https://kosis.kr/statHtml/statHtml.do?orgId=127&tblId=DT_12017N0011
2017,digital_informatization_utilization,low_income,저소득층,DT_12017N0011,1,A,15110BK8AB,15110BK8,77.7,77.7,%,index_general_population_100,2023-06-26,https://kosis.kr/statHtml/statHtml.do?orgId=127&tblId=DT_12017N0011
2018,digital_informatization_utilization,low_income,저소득층,DT_12017N0011,1,A,15110BK8AB,15110BK8,84.3,84.3,%,index_general_population_100,2023-06-26,https://kosis.kr/statHtml/statHtml.do?orgId=127&tblId=DT_12017N0011
2019,digital_informatization_utilization,low_income,저소득층,DT_12017N0011,1,A,15110BK8AB,15110BK8,85.4,85.4,%,index_general_population_100,2023-06-26,https://kosis.kr/statHtml/statHtml.do?orgId=127&tblId=DT_12017N0011
2020,digital_informatization_utilization,low_income,저소득층,DT_12017N0011,1,A,15110BK8AB,15110BK8,96.1,96.1,%,index_general_population_100,2023-06-26,https://kosis.kr/statHtml/statHtml.do?orgId=127&tblId=DT_12017N0011
2021,digital_informatization_utilization,low_income,저소득층,DT_12017N0011,1,A,15110BK8AB,15110BK8,96.3,96.3,%,index_general_population_100,2023-06-26,https://kosis.kr/statHtml/statHtml.do?orgId=127&tblId=DT_12017N0011
2022,digital_informatization_utilization,low_income,저소득층,DT_12017N0011,1,A,15110BK8AB,15110BK8,96.4,96.4,%,index_general_population_100,2023-06-26,https://kosis.kr/statHtml/statHtml.do?orgId=127&tblId=DT_12017N0011
2023,digital_informatization_utilization,low_income,저소득층,DT_12017N0011,1,A,15110BK8AB,15110BK8,97.4,97.4,%,index_general_population_100,2024-04-18,https://kosis.kr/statHtml/statHtml.do?orgId=127&tblId=DT_12017N0011
2024,digital_informatization_utilization,low_income,저소득층,DT_12017N0011,1,A,15110BK8AB,15110BK8,98,98,%,index_general_population_100,2025-04-28,https://kosis.kr/statHtml/statHtml.do?orgId=127&tblId=DT_12017N0011
2025,digital_informatization_utilization,low_income,저소득층,DT_12017N0011,1,A,15110BK8AB,15110BK8,98.5,98.5,%,index_general_population_100,2026-04-07,https://kosis.kr/statHtml/statHtml.do?orgId=127&tblId=DT_12017N0011
2014,digital_informatization_utilization,older_adults,고령층,DT_12017N0011,1,A,15110BK8AD,15110BK8,39.7,39.7,%,index_general_population_100,2023-06-26,https://kosis.kr/statHtml/statHtml.do?orgId=127&tblId=DT_12017N0011
2015,digital_informatization_utilization,older_adults,고령층,DT_12017N0011,1,A,15110BK8AD,15110BK8,44.9,44.9,%,index_general_population_100,2023-06-26,https://kosis.kr/statHtml/statHtml.do?orgId=127&tblId=DT_12017N0011
2016,digital_informatization_utilization,older_adults,고령층,DT_12017N0011,1,A,15110BK8AD,15110BK8,52.2,52.2,%,index_general_population_100,2023-06-26,https://kosis.kr/statHtml/statHtml.do?orgId=127&tblId=DT_12017N0011
2017,digital_informatization_utilization,older_adults,고령층,DT_12017N0011,1,A,15110BK8AD,15110BK8,59.9,59.9,%,index_general_population_100,2023-06-26,https://kosis.kr/statHtml/statHtml.do?orgId=127&tblId=DT_12017N0011
2018,digital_informatization_utilization,older_adults,고령층,DT_12017N0011,1,A,15110BK8AD,15110BK8,62.8,62.8,%,index_general_population_100,2023-06-26,https://kosis.kr/statHtml/statHtml.do?orgId=127&tblId=DT_12017N0011
2019,digital_informatization_utilization,older_adults,고령층,DT_12017N0011,1,A,15110BK8AD,15110BK8,63.9,63.9,%,index_general_population_100,2023-06-26,https://kosis.kr/statHtml/statHtml.do?orgId=127&tblId=DT_12017N0011
2020,digital_informatization_utilization,older_adults,고령층,DT_12017N0011,1,A,15110BK8AD,15110BK8,71.4,71.4,%,index_general_population_100,2023-06-26,https://kosis.kr/statHtml/statHtml.do?orgId=127&tblId=DT_12017N0011
2021,digital_informatization_utilization,older_adults,고령층,DT_12017N0011,1,A,15110BK8AD,15110BK8,72.3,72.3,%,index_general_population_100,2023-06-26,https://kosis.kr/statHtml/statHtml.do?orgId=127&tblId=DT_12017N0011
2022,digital_informatization_utilization,older_adults,고령층,DT_12017N0011,1,A,15110BK8AD,15110BK8,72.6,72.6,%,index_general_population_100,2023-06-26,https://kosis.kr/statHtml/statHtml.do?orgId=127&tblId=DT_12017N0011
2023,digital_informatization_utilization,older_adults,고령층,DT_12017N0011,1,A,15110BK8AD,15110BK8,73.8,73.8,%,index_general_population_100,2024-04-18,https://kosis.kr/statHtml/statHtml.do?orgId=127&tblId=DT_12017N0011
2024,digital_informatization_utilization,older_adults,고령층,DT_12017N0011,1,A,15110BK8AD,15110BK8,75,75,%,index_general_population_100,2025-04-28,https://kosis.kr/statHtml/statHtml.do?orgId=127&tblId=DT_12017N0011
2025,digital_informatization_utilization,older_adults,고령층,DT_12017N0011,1,A,15110BK8AD,15110BK8,75.6,75.6,%,index_general_population_100,2026-04-07,https://kosis.kr/statHtml/statHtml.do?orgId=127&tblId=DT_12017N0011
2014,digital_informatization_utilization,vulnerable_weighted,취약계층 평균,DT_12017N0011,1,A,15110BK8AE,15110BK8,47.7,47.7,%,index_general_population_100,2023-06-26,https://kosis.kr/statHtml/statHtml.do?orgId=127&tblId=DT_12017N0011
2015,digital_informatization_utilization,vulnerable_weighted,취약계층 평균,DT_12017N0011,1,A,15110BK8AE,15110BK8,51.6,51.6,%,index_general_population_100,2023-06-26,https://kosis.kr/statHtml/statHtml.do?orgId=127&tblId=DT_12017N0011
2016,digital_informatization_utilization,vulnerable_weighted,취약계층 평균,DT_12017N0011,1,A,15110BK8AE,15110BK8,59,59,%,index_general_population_100,2023-06-26,https://kosis.kr/statHtml/statHtml.do?orgId=127&tblId=DT_12017N0011
2017,digital_informatization_utilization,vulnerable_weighted,취약계층 평균,DT_12017N0011,1,A,15110BK8AE,15110BK8,65.3,65.3,%,index_general_population_100,2023-06-26,https://kosis.kr/statHtml/statHtml.do?orgId=127&tblId=DT_12017N0011
2018,digital_informatization_utilization,vulnerable_weighted,취약계층 평균,DT_12017N0011,1,A,15110BK8AE,15110BK8,67.7,67.7,%,index_general_population_100,2023-06-26,https://kosis.kr/statHtml/statHtml.do?orgId=127&tblId=DT_12017N0011
2019,digital_informatization_utilization,vulnerable_weighted,취약계층 평균,DT_12017N0011,1,A,15110BK8AE,15110BK8,68.8,68.8,%,index_general_population_100,2023-06-26,https://kosis.kr/statHtml/statHtml.do?orgId=127&tblId=DT_12017N0011
2020,digital_informatization_utilization,vulnerable_weighted,취약계층 평균,DT_12017N0011,1,A,15110BK8AE,15110BK8,74.8,74.8,%,index_general_population_100,2023-06-26,https://kosis.kr/statHtml/statHtml.do?orgId=127&tblId=DT_12017N0011
2021,digital_informatization_utilization,vulnerable_weighted,취약계층 평균,DT_12017N0011,1,A,15110BK8AE,15110BK8,77.6,77.6,%,index_general_population_100,2023-06-26,https://kosis.kr/statHtml/statHtml.do?orgId=127&tblId=DT_12017N0011
2022,digital_informatization_utilization,vulnerable_weighted,취약계층 평균,DT_12017N0011,1,A,15110BK8AE,15110BK8,78,78,%,index_general_population_100,2023-06-26,https://kosis.kr/statHtml/statHtml.do?orgId=127&tblId=DT_12017N0011
2023,digital_informatization_utilization,vulnerable_weighted,취약계층 평균,DT_12017N0011,1,A,15110BK8AE,15110BK8,79,79,%,index_general_population_100,2024-04-18,https://kosis.kr/statHtml/statHtml.do?orgId=127&tblId=DT_12017N0011
2024,digital_informatization_utilization,vulnerable_weighted,취약계층 평균,DT_12017N0011,1,A,15110BK8AE,15110BK8,80,80,%,index_general_population_100,2025-04-28,https://kosis.kr/statHtml/statHtml.do?orgId=127&tblId=DT_12017N0011
2025,digital_informatization_utilization,vulnerable_weighted,취약계층 평균,DT_12017N0011,1,A,15110BK8AE,15110BK8,80.5,80.5,%,index_general_population_100,2026-04-07,https://kosis.kr/statHtml/statHtml.do?orgId=127&tblId=DT_12017N0011
