rgstDt,shopngCntrctNo,shopngCntrctSno,prdctIdntNo,cntrctCorpNm,prdctMakrNm,entrprsDivNm,cntrctMthdNm,prdctClsfcNo,prdctClsfcNoNm,dtilPrdctClsfcNo,dtilPrdctClsfcNoNm,prdctSpecNm,cntrctPrceAmt,prdctUnit,cntrctDate,cntrctBgnDate,cntrctEndDate,prodctCertList
20250210,002260098_103,2,24414168,(주)씨아이테크,주식회사 앤로보틱스,중소기업,제3자단가계약,43211514,컴퓨터키오스크,4321151401,증명발급기,"증명발급기, 앤로보틱스, CI-9000H, 무인민원발급기/시청각장애인겸용",18810000,대,20250210,20250210,20250402,
20250314,R25TA0024646400,1,24396429,"아이티고 주식회사 (ITGO Co., Ltd.)",아이티고 주식회사,중소기업,제3자단가계약,43211514,컴퓨터키오스크,4321151402,무인안내시스템,"무인안내시스템, 아이티고, SAFETOUCH(O)-55S2F, 옥외용비접촉키오스크",28440000,대,20250314,20250314,20250611,"우수조달물품, 창업기업제품, G-PASS기업, 소상공인, G-PASS기업(B등급)"
20250314,R25TA0024646400,2,23961332,"아이티고 주식회사 (ITGO Co., Ltd.)",아이티고 주식회사,중소기업,제3자단가계약,43211514,컴퓨터키오스크,4321151402,무인안내시스템,"무인안내시스템, 아이티고, SAFETOUCH(O)-46",27460000,대,20250314,20250314,20250611,"우수조달물품, 창업기업제품, G-PASS기업, 소상공인, G-PASS기업(B등급)"
20250326,002470164_101,1,24064111,주식회사 싸인텔레콤,주식회사 싸인텔레콤,중소기업,제3자단가계약,43211514,컴퓨터키오스크,4321151403,버스및차량정보안내장치,"버스및차량정보안내장치, 싸인텔레콤, SMARTVISION-PLUS-BIS-US64, 거치형",8493000,대,20250326,20250326,20250908,"NEP, 우수조달물품"
20250326,002470164_101,10,25233046,주식회사 싸인텔레콤,주식회사 싸인텔레콤,중소기업,제3자단가계약,43211514,컴퓨터키오스크,4321151403,버스및차량정보안내장치,"버스및차량정보안내장치, 싸인텔레콤, ST-64LED-MY, 독립형",6835000,대,20250326,20250326,20250908,우수조달물품
20250326,002470164_101,11,25233047,주식회사 싸인텔레콤,주식회사 싸인텔레콤,중소기업,제3자단가계약,43211514,컴퓨터키오스크,4321151403,버스및차량정보안내장치,"버스및차량정보안내장치, 싸인텔레콤, ST-BIS0412, 거치형",7150000,대,20250326,20250326,20250908,우수조달물품
20250326,002470164_101,12,25233048,주식회사 싸인텔레콤,주식회사 싸인텔레콤,중소기업,제3자단가계약,43211514,컴퓨터키오스크,4321151403,버스및차량정보안내장치,"버스및차량정보안내장치, 싸인텔레콤, ST-BIS0412-01, 거치형",8493000,대,20250326,20250326,20250908,우수조달물품
20250326,002470164_101,13,25240950,주식회사 싸인텔레콤,주식회사 싸인텔레콤,중소기업,제3자단가계약,43211514,컴퓨터키오스크,4321151403,버스및차량정보안내장치,"버스및차량정보안내장치, 싸인텔레콤, ST-BIT-0308, 거치형",6738000,대,20250326,20250326,20250908,우수조달물품
20250326,002470164_101,14,24064111,주식회사 싸인텔레콤,주식회사 싸인텔레콤,중소기업,제3자단가계약,43211514,컴퓨터키오스크,4321151403,버스및차량정보안내장치,"버스및차량정보안내장치, 싸인텔레콤, SMARTVISION-PLUS-BIS-US64, 거치형",8984000,대,20250326,20250326,20250908,"NEP, 우수조달물품"
20250326,002470164_101,15,25233038,주식회사 싸인텔레콤,주식회사 싸인텔레콤,중소기업,제3자단가계약,43211514,컴퓨터키오스크,4321151403,버스및차량정보안내장치,"버스및차량정보안내장치, 싸인텔레콤, ST-LED-BIT, 거치형",7840000,대,20250326,20250326,20250908,우수조달물품
20250326,002470164_101,16,25233039,주식회사 싸인텔레콤,주식회사 싸인텔레콤,중소기업,제3자단가계약,43211514,컴퓨터키오스크,4321151403,버스및차량정보안내장치,"버스및차량정보안내장치, 싸인텔레콤, ST-LED-BIT-01, 거치형",9414000,대,20250326,20250326,20250908,우수조달물품
20250326,002470164_101,17,25233040,주식회사 싸인텔레콤,주식회사 싸인텔레콤,중소기업,제3자단가계약,43211514,컴퓨터키오스크,4321151403,버스및차량정보안내장치,"버스및차량정보안내장치, 싸인텔레콤, ST-BIT-0312, 거치형",7411000,대,20250326,20250326,20250908,우수조달물품
20250326,002470164_101,18,25233041,주식회사 싸인텔레콤,주식회사 싸인텔레콤,중소기업,제3자단가계약,43211514,컴퓨터키오스크,4321151403,버스및차량정보안내장치,"버스및차량정보안내장치, 싸인텔레콤, ST-BIT-0312-01, 거치형",8556000,대,20250326,20250326,20250908,우수조달물품
20250326,002470164_101,19,25233042,주식회사 싸인텔레콤,주식회사 싸인텔레콤,중소기업,제3자단가계약,43211514,컴퓨터키오스크,4321151403,버스및차량정보안내장치,"버스및차량정보안내장치, 싸인텔레콤, ST-BIT-0406, 독립형",8672000,대,20250326,20250326,20250908,우수조달물품
20250326,002470164_101,2,25233038,주식회사 싸인텔레콤,주식회사 싸인텔레콤,중소기업,제3자단가계약,43211514,컴퓨터키오스크,4321151403,버스및차량정보안내장치,"버스및차량정보안내장치, 싸인텔레콤, ST-LED-BIT, 거치형",7365000,대,20250326,20250326,20250908,우수조달물품
20250326,002470164_101,20,25233043,주식회사 싸인텔레콤,주식회사 싸인텔레콤,중소기업,제3자단가계약,43211514,컴퓨터키오스크,4321151403,버스및차량정보안내장치,"버스및차량정보안내장치, 싸인텔레콤, ST-HS4X12S, 거치형",7624000,대,20250326,20250326,20250908,우수조달물품
20250326,002470164_101,21,25233044,주식회사 싸인텔레콤,주식회사 싸인텔레콤,중소기업,제3자단가계약,43211514,컴퓨터키오스크,4321151403,버스및차량정보안내장치,"버스및차량정보안내장치, 싸인텔레콤, ST-BIT-480414, 거치형",7951000,대,20250326,20250326,20250908,우수조달물품
20250326,002470164_101,22,25233045,주식회사 싸인텔레콤,주식회사 싸인텔레콤,중소기업,제3자단가계약,43211514,컴퓨터키오스크,4321151403,버스및차량정보안내장치,"버스및차량정보안내장치, 싸인텔레콤, ST-BIT-480414-01, 거치형",9552000,대,20250326,20250326,20250908,우수조달물품
20250326,002470164_101,23,25233046,주식회사 싸인텔레콤,주식회사 싸인텔레콤,중소기업,제3자단가계약,43211514,컴퓨터키오스크,4321151403,버스및차량정보안내장치,"버스및차량정보안내장치, 싸인텔레콤, ST-64LED-MY, 독립형",7167000,대,20250326,20250326,20250908,우수조달물품
20250326,002470164_101,24,25233047,주식회사 싸인텔레콤,주식회사 싸인텔레콤,중소기업,제3자단가계약,43211514,컴퓨터키오스크,4321151403,버스및차량정보안내장치,"버스및차량정보안내장치, 싸인텔레콤, ST-BIS0412, 거치형",7810000,대,20250326,20250326,20250908,우수조달물품
20250326,002470164_101,25,25233048,주식회사 싸인텔레콤,주식회사 싸인텔레콤,중소기업,제3자단가계약,43211514,컴퓨터키오스크,4321151403,버스및차량정보안내장치,"버스및차량정보안내장치, 싸인텔레콤, ST-BIS0412-01, 거치형",9193000,대,20250326,20250326,20250908,우수조달물품
20250326,002470164_101,26,25240950,주식회사 싸인텔레콤,주식회사 싸인텔레콤,중소기업,제3자단가계약,43211514,컴퓨터키오스크,4321151403,버스및차량정보안내장치,"버스및차량정보안내장치, 싸인텔레콤, ST-BIT-0308, 거치형",7003000,대,20250326,20250326,20250908,우수조달물품
20250326,002470164_101,27,25526003,주식회사 싸인텔레콤,주식회사 싸인텔레콤,중소기업,제3자단가계약,43211514,컴퓨터키오스크,4321151403,버스및차량정보안내장치,"버스및차량정보안내장치, 싸인텔레콤, ST-BIT-0310-01, 거치형/단면",6800000,대,20250326,20250326,20250908,우수조달물품
20250326,002470164_101,28,25526003,주식회사 싸인텔레콤,주식회사 싸인텔레콤,중소기업,제3자단가계약,43211514,컴퓨터키오스크,4321151403,버스및차량정보안내장치,"버스및차량정보안내장치, 싸인텔레콤, ST-BIT-0310-01, 거치형/단면",7265000,대,20250326,20250326,20250908,우수조달물품
20250326,002470164_101,29,25526005,주식회사 싸인텔레콤,주식회사 싸인텔레콤,중소기업,제3자단가계약,43211514,컴퓨터키오스크,4321151403,버스및차량정보안내장치,"버스및차량정보안내장치, 싸인텔레콤, ST-BIT-0310-02, 거치형/양면",7650000,대,20250326,20250326,20250908,우수조달물품
20250326,002470164_101,3,25233039,주식회사 싸인텔레콤,주식회사 싸인텔레콤,중소기업,제3자단가계약,43211514,컴퓨터키오스크,4321151403,버스및차량정보안내장치,"버스및차량정보안내장치, 싸인텔레콤, ST-LED-BIT-01, 거치형",8921000,대,20250326,20250326,20250908,우수조달물품
20250326,002470164_101,30,25526005,주식회사 싸인텔레콤,주식회사 싸인텔레콤,중소기업,제3자단가계약,43211514,컴퓨터키오스크,4321151403,버스및차량정보안내장치,"버스및차량정보안내장치, 싸인텔레콤, ST-BIT-0310-02, 거치형/양면",8115000,대,20250326,20250326,20250908,우수조달물품
20250326,002470164_101,4,25233040,주식회사 싸인텔레콤,주식회사 싸인텔레콤,중소기업,제3자단가계약,43211514,컴퓨터키오스크,4321151403,버스및차량정보안내장치,"버스및차량정보안내장치, 싸인텔레콤, ST-BIT-0312, 거치형",6936000,대,20250326,20250326,20250908,우수조달물품
20250326,002470164_101,5,25233041,주식회사 싸인텔레콤,주식회사 싸인텔레콤,중소기업,제3자단가계약,43211514,컴퓨터키오스크,4321151403,버스및차량정보안내장치,"버스및차량정보안내장치, 싸인텔레콤, ST-BIT-0312-01, 거치형",8064000,대,20250326,20250326,20250908,우수조달물품
20250326,002470164_101,6,25233042,주식회사 싸인텔레콤,주식회사 싸인텔레콤,중소기업,제3자단가계약,43211514,컴퓨터키오스크,4321151403,버스및차량정보안내장치,"버스및차량정보안내장치, 싸인텔레콤, ST-BIT-0406, 독립형",8158000,대,20250326,20250326,20250908,우수조달물품
20250326,002470164_101,7,25233043,주식회사 싸인텔레콤,주식회사 싸인텔레콤,중소기업,제3자단가계약,43211514,컴퓨터키오스크,4321151403,버스및차량정보안내장치,"버스및차량정보안내장치, 싸인텔레콤, ST-HS4X12S, 거치형",7151000,대,20250326,20250326,20250908,우수조달물품
20250326,002470164_101,8,25233044,주식회사 싸인텔레콤,주식회사 싸인텔레콤,중소기업,제3자단가계약,43211514,컴퓨터키오스크,4321151403,버스및차량정보안내장치,"버스및차량정보안내장치, 싸인텔레콤, ST-BIT-480414, 거치형",7365000,대,20250326,20250326,20250908,우수조달물품
20250326,002470164_101,9,25233045,주식회사 싸인텔레콤,주식회사 싸인텔레콤,중소기업,제3자단가계약,43211514,컴퓨터키오스크,4321151403,버스및차량정보안내장치,"버스및차량정보안내장치, 싸인텔레콤, ST-BIT-480414-01, 거치형",8921000,대,20250326,20250326,20250908,우수조달물품
20250402,002260098_104,2,24414168,주식회사 앤로보틱스,주식회사 앤로보틱스,중소기업,제3자단가계약,43211514,컴퓨터키오스크,4321151401,증명발급기,"증명발급기, 앤로보틱스, CI-9000H, 무인민원발급기/시청각장애인겸용",18810000,대,20250402,20250402,20260827,
20250409,R25TA0040445100,1,25300626,삼원에프에이주식회사,삼원에프에이주식회사,중소기업,제3자단가계약,43211514,컴퓨터키오스크,4321151403,버스및차량정보안내장치,"버스및차량정보안내장치, 삼원에프에이, EBIT-1000P-60W, 독립형/단면",5688600,대,20250409,20250409,20260305,"성능인증제품, 녹색인증제품, KC인증, 우수조달물품, 특허"
20250409,R25TA0040445100,2,25109706,삼원에프에이주식회사,삼원에프에이주식회사,중소기업,제3자단가계약,43211514,컴퓨터키오스크,4321151403,버스및차량정보안내장치,"버스및차량정보안내장치, 삼원에프에이, EBIT-1000S-60W, 거치형/단면",5289400,대,20250409,20250409,20260305,"성능인증제품, 녹색인증제품, KC인증, 우수조달물품, 특허"
20250409,R25TA0040445100,3,25300628,삼원에프에이주식회사,삼원에프에이주식회사,중소기업,제3자단가계약,43211514,컴퓨터키오스크,4321151403,버스및차량정보안내장치,"버스및차량정보안내장치, 삼원에프에이, EBIT-2000P-60W, 독립형/단면",7185600,대,20250409,20250409,20260305,"성능인증제품, 녹색인증제품, KC인증, 우수조달물품, 특허"
20250409,R25TA0040445100,4,25286961,삼원에프에이주식회사,삼원에프에이주식회사,중소기업,제3자단가계약,43211514,컴퓨터키오스크,4321151403,버스및차량정보안내장치,"버스및차량정보안내장치, 삼원에프에이, EBIT-2000S-60W, 거치형/단면",6786400,대,20250409,20250409,20260305,"성능인증제품, 녹색인증제품, KC인증, 우수조달물품, 특허"
20250409,R25TA0040445100,5,25300627,삼원에프에이주식회사,삼원에프에이주식회사,중소기업,제3자단가계약,43211514,컴퓨터키오스크,4321151403,버스및차량정보안내장치,"버스및차량정보안내장치, 삼원에프에이, EBIT-3000P-60W, 독립형/단면",8283400,대,20250409,20250409,20260305,"성능인증제품, 녹색인증제품, KC인증, 우수조달물품, 특허"
20250409,R25TA0040445100,6,25286960,삼원에프에이주식회사,삼원에프에이주식회사,중소기업,제3자단가계약,43211514,컴퓨터키오스크,4321151403,버스및차량정보안내장치,"버스및차량정보안내장치, 삼원에프에이, EBIT-3000S-60W, 거치형/단면",7884200,대,20250409,20250409,20260305,"성능인증제품, 녹색인증제품, KC인증, 우수조달물품, 특허"
20250424,0023C0107_101,1,23777412,주식회사광명테크,주식회사광명테크,중소기업,제3자단가계약,43211514,컴퓨터키오스크,4321151401,증명발급기,"증명발급기, 광명테크, G7, 통합민원발급기",7700000,대,20250424,20250424,20251125,"장애인기업제품, 특허, 소기업"
20250424,0023C0107_101,2,23813369,주식회사광명테크,주식회사광명테크,중소기업,제3자단가계약,43211514,컴퓨터키오스크,4321151401,증명발급기,"증명발급기, 광명테크, G7i, 통합민원발급기",7750000,대,20250424,20250424,20251125,"장애인기업제품, 특허, 소기업"
20250424,0023C0107_101,3,24359644,주식회사광명테크,주식회사광명테크,중소기업,제3자단가계약,43211514,컴퓨터키오스크,4321151401,증명발급기,"증명발급기, 광명테크, G10, 무인민원발급기/시청각장애인겸용",19800000,대,20250424,20250424,20251125,"장애인기업제품, 특허, 소기업"
20250424,0023C0107_101,4,24359645,주식회사광명테크,주식회사광명테크,중소기업,제3자단가계약,43211514,컴퓨터키오스크,4321151401,증명발급기,"증명발급기, 광명테크, G10s, 무인민원발급기/시청각장애인겸용/촉각모니터",24800000,대,20250424,20250424,20251125,"장애인기업제품, 특허, 소기업"
20250430,002370024_101,1,24422601,한국타피(주),한국타피(주),중소기업,제3자단가계약,43211514,컴퓨터키오스크,4321151401,증명발급기,"증명발급기, 한국타피, TAPI-9320B, 무인민원발급기/시청각장애인겸용",24800000,대,20250430,20250430,20250926,"우수조달물품, G-PASS기업, 가족친화인증기업, 일·생활균형우수기업, G-PASS기업(B등급)"
20250611,R25TA0024646401,1,24396429,"아이티고 주식회사 (ITGO Co., Ltd.)",아이티고 주식회사,중소기업,제3자단가계약,43211514,컴퓨터키오스크,4321151402,무인안내시스템,"무인안내시스템, 아이티고, SAFETOUCH(O)-55S2F, 옥외용비접촉키오스크",28440000,대,20250610,20250610,20260129,"우수조달물품, 창업기업제품, G-PASS기업, 소상공인, G-PASS기업(B등급)"
20250611,R25TA0024646401,2,23961332,"아이티고 주식회사 (ITGO Co., Ltd.)",아이티고 주식회사,중소기업,제3자단가계약,43211514,컴퓨터키오스크,4321151402,무인안내시스템,"무인안내시스템, 아이티고, SAFETOUCH(O)-46",27460000,대,20250610,20250610,20260129,"우수조달물품, 창업기업제품, G-PASS기업, 소상공인, G-PASS기업(B등급)"
20250611,R25TA0024646401,3,25559903,"아이티고 주식회사 (ITGO Co., Ltd.)","아이티고 주식회사 (ITGO Co., Ltd.)",중소기업,제3자단가계약,43211514,컴퓨터키오스크,4321151402,무인안내시스템,"무인안내시스템, 아이티고, SAFETOUCH(O)-55S2FC, 키오스크",32000000,대,20250610,20250610,20260129,"우수조달물품, 창업기업제품, G-PASS기업, 소상공인, G-PASS기업(B등급)"
20250612,002061437_110,1,22558597,한국타피(주),한국타피(주),중소기업,제3자단가계약,43211514,컴퓨터키오스크,4321151401,증명발급기,"증명발급기, 한국타피, TAPI-7200D, 통합무인발급기",19500000,대,20250612,20250612,20251014,
20250612,002061437_110,10,24297224,한국타피(주),한국타피(주),중소기업,제3자단가계약,43211514,컴퓨터키오스크,4321151401,증명발급기,"증명발급기, 한국타피, TAPI-9240S, 무인민원발급기/시청각장애인겸용",24300000,대,20250612,20250612,20251014,"특허, G-PASS기업, 가족친화인증기업, 일·생활균형우수기업, G-PASS기업(B등급)"
20250612,002061437_110,4,23893188,한국타피(주),한국타피(주),중소기업,제3자단가계약,43211514,컴퓨터키오스크,4321151401,증명발급기,"증명발급기, 한국타피, TA-2200S(NEW), 통합민원발급기",7600000,대,20250612,20250612,20251014,"G-PASS기업, 가족친화인증기업, 일·생활균형우수기업, G-PASS기업(B등급)"
20250612,002061437_110,5,24297230,한국타피(주),한국타피(주),중소기업,제3자단가계약,43211514,컴퓨터키오스크,4321151401,증명발급기,"증명발급기, 한국타피, TAPI-9240J, 무인민원발급기/시청각장애인겸용",23200000,대,20250612,20250612,20251014,"특허, 가족친화인증기업, 일·생활균형우수기업"
20250612,002061437_110,6,24292472,한국타피(주),한국타피(주),중소기업,제3자단가계약,43211514,컴퓨터키오스크,4321151401,증명발급기,"증명발급기, 한국타피, TAPI-9270T, 무인민원발급기/시청각장애인겸용",19800000,대,20250612,20250612,20251014,"특허, G-PASS기업, 가족친화인증기업, 일·생활균형우수기업, G-PASS기업(B등급)"
20250612,002061437_110,7,24292471,한국타피(주),한국타피(주),중소기업,제3자단가계약,43211514,컴퓨터키오스크,4321151401,증명발급기,"증명발급기, 한국타피, TAPI-9270J, 무인민원발급기/시청각장애인겸용",23800000,대,20250612,20250612,20251014,"특허, G-PASS기업, 가족친화인증기업, 일·생활균형우수기업, G-PASS기업(B등급)"
20250612,002061437_110,8,24292470,한국타피(주),한국타피(주),중소기업,제3자단가계약,43211514,컴퓨터키오스크,4321151401,증명발급기,"증명발급기, 한국타피, TAPI-9320T, 무인민원발급기/시청각장애인겸용",21800000,대,20250612,20250612,20251014,"특허, G-PASS기업, 가족친화인증기업, 일·생활균형우수기업, G-PASS기업(B등급)"
20250612,002061437_110,9,24292469,한국타피(주),한국타피(주),중소기업,제3자단가계약,43211514,컴퓨터키오스크,4321151401,증명발급기,"증명발급기, 한국타피, TAPI-9320J, 무인민원발급기/시청각장애인겸용",24800000,대,20250612,20250612,20251014,"특허, G-PASS기업, 가족친화인증기업, 일·생활균형우수기업, G-PASS기업(B등급)"
20250908,002470164_102,1,24064111,주식회사 싸인텔레콤,주식회사 싸인텔레콤,중소기업,제3자단가계약,43211514,컴퓨터키오스크,4321151403,버스및차량정보안내장치,"버스및차량정보안내장치, 싸인텔레콤, SMARTVISION-PLUS-BIS-US64, 거치형",8493000,대,20250908,20250908,20260727,"NEP, 우수조달물품"
20250908,002470164_102,10,25233046,주식회사 싸인텔레콤,주식회사 싸인텔레콤,중소기업,제3자단가계약,43211514,컴퓨터키오스크,4321151403,버스및차량정보안내장치,"버스및차량정보안내장치, 싸인텔레콤, ST-64LED-MY, 독립형",6835000,대,20250908,20250908,20260727,우수조달물품
20250908,002470164_102,11,25233047,주식회사 싸인텔레콤,주식회사 싸인텔레콤,중소기업,제3자단가계약,43211514,컴퓨터키오스크,4321151403,버스및차량정보안내장치,"버스및차량정보안내장치, 싸인텔레콤, ST-BIS0412, 거치형",7150000,대,20250908,20250908,20260727,우수조달물품
20250908,002470164_102,12,25233048,주식회사 싸인텔레콤,주식회사 싸인텔레콤,중소기업,제3자단가계약,43211514,컴퓨터키오스크,4321151403,버스및차량정보안내장치,"버스및차량정보안내장치, 싸인텔레콤, ST-BIS0412-01, 거치형",8493000,대,20250908,20250908,20260727,우수조달물품
20250908,002470164_102,13,25240950,주식회사 싸인텔레콤,주식회사 싸인텔레콤,중소기업,제3자단가계약,43211514,컴퓨터키오스크,4321151403,버스및차량정보안내장치,"버스및차량정보안내장치, 싸인텔레콤, ST-BIT-0308, 거치형",6738000,대,20250908,20250908,20260727,우수조달물품
20250908,002470164_102,14,24064111,주식회사 싸인텔레콤,주식회사 싸인텔레콤,중소기업,제3자단가계약,43211514,컴퓨터키오스크,4321151403,버스및차량정보안내장치,"버스및차량정보안내장치, 싸인텔레콤, SMARTVISION-PLUS-BIS-US64, 거치형",8984000,대,20250908,20250908,20260727,"NEP, 우수조달물품"
20250908,002470164_102,15,25233038,주식회사 싸인텔레콤,주식회사 싸인텔레콤,중소기업,제3자단가계약,43211514,컴퓨터키오스크,4321151403,버스및차량정보안내장치,"버스및차량정보안내장치, 싸인텔레콤, ST-LED-BIT, 거치형",7840000,대,20250908,20250908,20260727,우수조달물품
20250908,002470164_102,16,25233039,주식회사 싸인텔레콤,주식회사 싸인텔레콤,중소기업,제3자단가계약,43211514,컴퓨터키오스크,4321151403,버스및차량정보안내장치,"버스및차량정보안내장치, 싸인텔레콤, ST-LED-BIT-01, 거치형",9414000,대,20250908,20250908,20260727,우수조달물품
20250908,002470164_102,17,25233040,주식회사 싸인텔레콤,주식회사 싸인텔레콤,중소기업,제3자단가계약,43211514,컴퓨터키오스크,4321151403,버스및차량정보안내장치,"버스및차량정보안내장치, 싸인텔레콤, ST-BIT-0312, 거치형",7411000,대,20250908,20250908,20260727,우수조달물품
20250908,002470164_102,18,25233041,주식회사 싸인텔레콤,주식회사 싸인텔레콤,중소기업,제3자단가계약,43211514,컴퓨터키오스크,4321151403,버스및차량정보안내장치,"버스및차량정보안내장치, 싸인텔레콤, ST-BIT-0312-01, 거치형",8556000,대,20250908,20250908,20260727,우수조달물품
20250908,002470164_102,19,25233042,주식회사 싸인텔레콤,주식회사 싸인텔레콤,중소기업,제3자단가계약,43211514,컴퓨터키오스크,4321151403,버스및차량정보안내장치,"버스및차량정보안내장치, 싸인텔레콤, ST-BIT-0406, 독립형",8672000,대,20250908,20250908,20260727,우수조달물품
20250908,002470164_102,2,25233038,주식회사 싸인텔레콤,주식회사 싸인텔레콤,중소기업,제3자단가계약,43211514,컴퓨터키오스크,4321151403,버스및차량정보안내장치,"버스및차량정보안내장치, 싸인텔레콤, ST-LED-BIT, 거치형",7365000,대,20250908,20250908,20260727,우수조달물품
20250908,002470164_102,20,25233043,주식회사 싸인텔레콤,주식회사 싸인텔레콤,중소기업,제3자단가계약,43211514,컴퓨터키오스크,4321151403,버스및차량정보안내장치,"버스및차량정보안내장치, 싸인텔레콤, ST-HS4X12S, 거치형",7624000,대,20250908,20250908,20260727,우수조달물품
20250908,002470164_102,21,25233044,주식회사 싸인텔레콤,주식회사 싸인텔레콤,중소기업,제3자단가계약,43211514,컴퓨터키오스크,4321151403,버스및차량정보안내장치,"버스및차량정보안내장치, 싸인텔레콤, ST-BIT-480414, 거치형",7951000,대,20250908,20250908,20260727,우수조달물품
20250908,002470164_102,22,25233045,주식회사 싸인텔레콤,주식회사 싸인텔레콤,중소기업,제3자단가계약,43211514,컴퓨터키오스크,4321151403,버스및차량정보안내장치,"버스및차량정보안내장치, 싸인텔레콤, ST-BIT-480414-01, 거치형",9552000,대,20250908,20250908,20260727,우수조달물품
20250908,002470164_102,23,25233046,주식회사 싸인텔레콤,주식회사 싸인텔레콤,중소기업,제3자단가계약,43211514,컴퓨터키오스크,4321151403,버스및차량정보안내장치,"버스및차량정보안내장치, 싸인텔레콤, ST-64LED-MY, 독립형",7167000,대,20250908,20250908,20260727,우수조달물품
20250908,002470164_102,24,25233047,주식회사 싸인텔레콤,주식회사 싸인텔레콤,중소기업,제3자단가계약,43211514,컴퓨터키오스크,4321151403,버스및차량정보안내장치,"버스및차량정보안내장치, 싸인텔레콤, ST-BIS0412, 거치형",7810000,대,20250908,20250908,20260727,우수조달물품
20250908,002470164_102,25,25233048,주식회사 싸인텔레콤,주식회사 싸인텔레콤,중소기업,제3자단가계약,43211514,컴퓨터키오스크,4321151403,버스및차량정보안내장치,"버스및차량정보안내장치, 싸인텔레콤, ST-BIS0412-01, 거치형",9193000,대,20250908,20250908,20260727,우수조달물품
20250908,002470164_102,26,25240950,주식회사 싸인텔레콤,주식회사 싸인텔레콤,중소기업,제3자단가계약,43211514,컴퓨터키오스크,4321151403,버스및차량정보안내장치,"버스및차량정보안내장치, 싸인텔레콤, ST-BIT-0308, 거치형",7003000,대,20250908,20250908,20260727,우수조달물품
20250908,002470164_102,27,25526003,주식회사 싸인텔레콤,주식회사 싸인텔레콤,중소기업,제3자단가계약,43211514,컴퓨터키오스크,4321151403,버스및차량정보안내장치,"버스및차량정보안내장치, 싸인텔레콤, ST-BIT-0310-01, 거치형/단면",6800000,대,20250908,20250908,20260727,우수조달물품
20250908,002470164_102,28,25526003,주식회사 싸인텔레콤,주식회사 싸인텔레콤,중소기업,제3자단가계약,43211514,컴퓨터키오스크,4321151403,버스및차량정보안내장치,"버스및차량정보안내장치, 싸인텔레콤, ST-BIT-0310-01, 거치형/단면",7265000,대,20250908,20250908,20260727,우수조달물품
20250908,002470164_102,29,25526005,주식회사 싸인텔레콤,주식회사 싸인텔레콤,중소기업,제3자단가계약,43211514,컴퓨터키오스크,4321151403,버스및차량정보안내장치,"버스및차량정보안내장치, 싸인텔레콤, ST-BIT-0310-02, 거치형/양면",7650000,대,20250908,20250908,20260727,우수조달물품
20250908,002470164_102,3,25233039,주식회사 싸인텔레콤,주식회사 싸인텔레콤,중소기업,제3자단가계약,43211514,컴퓨터키오스크,4321151403,버스및차량정보안내장치,"버스및차량정보안내장치, 싸인텔레콤, ST-LED-BIT-01, 거치형",8921000,대,20250908,20250908,20260727,우수조달물품
20250908,002470164_102,30,25526005,주식회사 싸인텔레콤,주식회사 싸인텔레콤,중소기업,제3자단가계약,43211514,컴퓨터키오스크,4321151403,버스및차량정보안내장치,"버스및차량정보안내장치, 싸인텔레콤, ST-BIT-0310-02, 거치형/양면",8115000,대,20250908,20250908,20260727,우수조달물품
20250908,002470164_102,4,25233040,주식회사 싸인텔레콤,주식회사 싸인텔레콤,중소기업,제3자단가계약,43211514,컴퓨터키오스크,4321151403,버스및차량정보안내장치,"버스및차량정보안내장치, 싸인텔레콤, ST-BIT-0312, 거치형",6936000,대,20250908,20250908,20260727,우수조달물품
20250908,002470164_102,5,25233041,주식회사 싸인텔레콤,주식회사 싸인텔레콤,중소기업,제3자단가계약,43211514,컴퓨터키오스크,4321151403,버스및차량정보안내장치,"버스및차량정보안내장치, 싸인텔레콤, ST-BIT-0312-01, 거치형",8064000,대,20250908,20250908,20260727,우수조달물품
20250908,002470164_102,6,25233042,주식회사 싸인텔레콤,주식회사 싸인텔레콤,중소기업,제3자단가계약,43211514,컴퓨터키오스크,4321151403,버스및차량정보안내장치,"버스및차량정보안내장치, 싸인텔레콤, ST-BIT-0406, 독립형",8158000,대,20250908,20250908,20260727,우수조달물품
20250908,002470164_102,7,25233043,주식회사 싸인텔레콤,주식회사 싸인텔레콤,중소기업,제3자단가계약,43211514,컴퓨터키오스크,4321151403,버스및차량정보안내장치,"버스및차량정보안내장치, 싸인텔레콤, ST-HS4X12S, 거치형",7151000,대,20250908,20250908,20260727,우수조달물품
20250908,002470164_102,8,25233044,주식회사 싸인텔레콤,주식회사 싸인텔레콤,중소기업,제3자단가계약,43211514,컴퓨터키오스크,4321151403,버스및차량정보안내장치,"버스및차량정보안내장치, 싸인텔레콤, ST-BIT-480414, 거치형",7365000,대,20250908,20250908,20260727,우수조달물품
20250908,002470164_102,9,25233045,주식회사 싸인텔레콤,주식회사 싸인텔레콤,중소기업,제3자단가계약,43211514,컴퓨터키오스크,4321151403,버스및차량정보안내장치,"버스및차량정보안내장치, 싸인텔레콤, ST-BIT-480414-01, 거치형",8921000,대,20250908,20250908,20260727,우수조달물품
20250926,002370024_102,1,24422601,한국타피(주),한국타피(주),중소기업,제3자단가계약,43211514,컴퓨터키오스크,4321151401,증명발급기,"증명발급기, 한국타피, TAPI-9320B, 무인민원발급기/시청각장애인겸용",24800000,대,20250926,20250926,20261023,"우수조달물품, G-PASS기업, 가족친화인증기업, 일·생활균형우수기업, G-PASS기업(B등급)"
20251014,002061437_111,10,24297224,한국타피(주),한국타피(주),중소기업,제3자단가계약,43211514,컴퓨터키오스크,4321151401,증명발급기,"증명발급기, 한국타피, TAPI-9240S, 무인민원발급기/시청각장애인겸용",24300000,대,20251014,20251014,20251125,"특허, G-PASS기업, 가족친화인증기업, 일·생활균형우수기업, G-PASS기업(B등급)"
20251014,002061437_111,4,23893188,한국타피(주),한국타피(주),중소기업,제3자단가계약,43211514,컴퓨터키오스크,4321151401,증명발급기,"증명발급기, 한국타피, TA-2200S(NEW), 통합민원발급기",7600000,대,20251014,20251014,20251125,"G-PASS기업, 가족친화인증기업, 일·생활균형우수기업, G-PASS기업(B등급)"
20251014,002061437_111,5,24297230,한국타피(주),한국타피(주),중소기업,제3자단가계약,43211514,컴퓨터키오스크,4321151401,증명발급기,"증명발급기, 한국타피, TAPI-9240J, 무인민원발급기/시청각장애인겸용",23200000,대,20251014,20251014,20251125,"특허, 가족친화인증기업, 일·생활균형우수기업"
20251014,002061437_111,6,24292472,한국타피(주),한국타피(주),중소기업,제3자단가계약,43211514,컴퓨터키오스크,4321151401,증명발급기,"증명발급기, 한국타피, TAPI-9270T, 무인민원발급기/시청각장애인겸용",19800000,대,20251014,20251014,20251125,"특허, G-PASS기업, 가족친화인증기업, 일·생활균형우수기업, G-PASS기업(B등급)"
20251014,002061437_111,7,24292471,한국타피(주),한국타피(주),중소기업,제3자단가계약,43211514,컴퓨터키오스크,4321151401,증명발급기,"증명발급기, 한국타피, TAPI-9270J, 무인민원발급기/시청각장애인겸용",23800000,대,20251014,20251014,20251125,"특허, G-PASS기업, 가족친화인증기업, 일·생활균형우수기업, G-PASS기업(B등급)"
20251014,002061437_111,8,24292470,한국타피(주),한국타피(주),중소기업,제3자단가계약,43211514,컴퓨터키오스크,4321151401,증명발급기,"증명발급기, 한국타피, TAPI-9320T, 무인민원발급기/시청각장애인겸용",21800000,대,20251014,20251014,20251125,"특허, G-PASS기업, 가족친화인증기업, 일·생활균형우수기업, G-PASS기업(B등급)"
20251014,002061437_111,9,24292469,한국타피(주),한국타피(주),중소기업,제3자단가계약,43211514,컴퓨터키오스크,4321151401,증명발급기,"증명발급기, 한국타피, TAPI-9320J, 무인민원발급기/시청각장애인겸용",24800000,대,20251014,20251014,20251125,"특허, G-PASS기업, 가족친화인증기업, 일·생활균형우수기업, G-PASS기업(B등급)"
20251016,002062281_106,5,24333819,(주)한국에임,(주)한국에임,중소기업,제3자단가계약,43211514,컴퓨터키오스크,4321151401,증명발급기,"증명발급기, 한국에임, HAIM-6800K, 무인민원발급기/시청각장애인겸용",19500000,대,20251016,20251016,20251124,"특허, G-PASS기업, 소상공인, G-PASS기업(B등급)"
20251028,0023C0245_101,2,22764188,(주)본시스,(주)본시스,중소기업,제3자단가계약,43211514,컴퓨터키오스크,4321151401,증명발급기,"증명발급기, 본시스, BON-6000K, 통합민원발급기",6850000,대,20251028,20251028,20260305,"소기업, 가족친화인증기업"
20251028,0023C0245_101,3,25885679,(주)본시스,(주)본시스,중소기업,제3자단가계약,43211514,컴퓨터키오스크,4321151401,증명발급기,"증명발급기, 본시스, BON-7100S, 통합민원발급기",7860000,대,20251028,20251028,20260305,"특허, 소기업, 가족친화인증기업"
20251124,002061436_112,10,25202556,(주)에니텍시스,(주)에니텍시스,중소기업,제3자단가계약,43211514,컴퓨터키오스크,4321151401,증명발급기,"증명발급기, 에니텍시스, IS-2000L, 통합민원발급기",7800000,대,20251124,20251124,20260714,"특허, G-PASS기업, G-PASS기업(B등급)"
20251124,002061436_112,11,26001855,(주)에니텍시스,(주)에니텍시스,중소기업,제3자단가계약,43211514,컴퓨터키오스크,4321151401,증명발급기,"증명발급기, 에니텍시스, AT-C300, 통합무인발급기/시청각장애인겸용",23000000,대,20251124,20251124,20260714,"특허, G-PASS기업, G-PASS기업(B등급)"
20251124,002061436_112,5,24362788,(주)에니텍시스,(주)에니텍시스,중소기업,제3자단가계약,43211514,컴퓨터키오스크,4321151401,증명발급기,"증명발급기, 에니텍시스, AT-K200(NEW), 무인민원발급기/시청각장애인겸용",19850000,대,20251124,20251124,20260714,"특허, G-PASS기업, G-PASS기업(B등급)"
20251124,002061436_112,6,24362787,(주)에니텍시스,(주)에니텍시스,중소기업,제3자단가계약,43211514,컴퓨터키오스크,4321151401,증명발급기,"증명발급기, 에니텍시스, AT-K200E(NEW), 무인민원발급기/시청각장애인겸용",23850000,대,20251124,20251124,20260714,"특허, G-PASS기업, G-PASS기업(B등급)"
20251124,002061436_112,7,24362785,(주)에니텍시스,(주)에니텍시스,중소기업,제3자단가계약,43211514,컴퓨터키오스크,4321151401,증명발급기,"증명발급기, 에니텍시스, AT-K300, 무인민원발급기/시청각장애인겸용",21800000,대,20251124,20251124,20260714,"특허, G-PASS기업, G-PASS기업(B등급)"
20251124,002061436_112,8,24362786,(주)에니텍시스,(주)에니텍시스,중소기업,제3자단가계약,43211514,컴퓨터키오스크,4321151401,증명발급기,"증명발급기, 에니텍시스, AT-K300E, 무인민원발급기/시청각장애인겸용",24800000,대,20251124,20251124,20260714,"특허, G-PASS기업, G-PASS기업(B등급)"
20251124,002061436_112,9,25202555,(주)에니텍시스,(주)에니텍시스,중소기업,제3자단가계약,43211514,컴퓨터키오스크,4321151401,증명발급기,"증명발급기, 에니텍시스, IS-2000M, 통합민원발급기",8500000,대,20251124,20251124,20260714,"특허, G-PASS기업, G-PASS기업(B등급)"
20251124,002062281_107,5,24333819,(주)한국에임,(주)한국에임,중소기업,제3자단가계약,43211514,컴퓨터키오스크,4321151401,증명발급기,"증명발급기, 한국에임, HAIM-6800K, 무인민원발급기/시청각장애인겸용",19500000,대,20251124,20251124,20251230,"특허, G-PASS기업, 소상공인, G-PASS기업(B등급)"
20251124,002062281_107,6,25959485,(주)한국에임,(주)한국에임,중소기업,제3자단가계약,43211514,컴퓨터키오스크,4321151401,증명발급기,"증명발급기, 한국에임, HAIM-7000SC, 통합무인발급기/시청각장애인겸용",23000000,대,20251124,20251124,20251230,"특허, G-PASS기업, 소상공인, G-PASS기업(B등급)"
20251124,002062281_107,7,25959484,(주)한국에임,(주)한국에임,중소기업,제3자단가계약,43211514,컴퓨터키오스크,4321151401,증명발급기,"증명발급기, 한국에임, HAIM-7700SC, 통합무인발급기/시청각장애인겸용/촉각모니터",26000000,대,20251124,20251124,20251230,"특허, G-PASS기업, 소상공인, G-PASS기업(B등급)"
20251125,002061437_112,10,24297224,한국타피(주),한국타피(주),중소기업,제3자단가계약,43211514,컴퓨터키오스크,4321151401,증명발급기,"증명발급기, 한국타피, TAPI-9240S, 무인민원발급기/시청각장애인겸용",24300000,대,20251125,20251125,20260716,"특허, G-PASS기업, 가족친화인증기업, 일·생활균형우수기업, G-PASS기업(B등급)"
20251125,002061437_112,11,26001990,한국타피(주),한국타피(주),중소기업,제3자단가계약,43211514,컴퓨터키오스크,4321151401,증명발급기,"증명발급기, 한국타피, TAPI-9320D, 통합무인발급기/시청각장애인겸용",23000000,대,20251125,20251125,20260716,"G-PASS기업, 가족친화인증기업, 일·생활균형우수기업, G-PASS기업(B등급)"
20251125,002061437_112,4,23893188,한국타피(주),한국타피(주),중소기업,제3자단가계약,43211514,컴퓨터키오스크,4321151401,증명발급기,"증명발급기, 한국타피, TA-2200S(NEW), 통합민원발급기",7600000,대,20251125,20251125,20260716,"G-PASS기업, 가족친화인증기업, 일·생활균형우수기업, G-PASS기업(B등급)"
20251125,002061437_112,5,24297230,한국타피(주),한국타피(주),중소기업,제3자단가계약,43211514,컴퓨터키오스크,4321151401,증명발급기,"증명발급기, 한국타피, TAPI-9240J, 무인민원발급기/시청각장애인겸용",23200000,대,20251125,20251125,20260716,"특허, 가족친화인증기업, 일·생활균형우수기업"
20251125,002061437_112,6,24292472,한국타피(주),한국타피(주),중소기업,제3자단가계약,43211514,컴퓨터키오스크,4321151401,증명발급기,"증명발급기, 한국타피, TAPI-9270T, 무인민원발급기/시청각장애인겸용",19800000,대,20251125,20251125,20260716,"특허, G-PASS기업, 가족친화인증기업, 일·생활균형우수기업, G-PASS기업(B등급)"
20251125,002061437_112,7,24292471,한국타피(주),한국타피(주),중소기업,제3자단가계약,43211514,컴퓨터키오스크,4321151401,증명발급기,"증명발급기, 한국타피, TAPI-9270J, 무인민원발급기/시청각장애인겸용",23800000,대,20251125,20251125,20260716,"특허, G-PASS기업, 가족친화인증기업, 일·생활균형우수기업, G-PASS기업(B등급)"
20251125,002061437_112,8,24292470,한국타피(주),한국타피(주),중소기업,제3자단가계약,43211514,컴퓨터키오스크,4321151401,증명발급기,"증명발급기, 한국타피, TAPI-9320T, 무인민원발급기/시청각장애인겸용",21800000,대,20251125,20251125,20260716,"특허, G-PASS기업, 가족친화인증기업, 일·생활균형우수기업, G-PASS기업(B등급)"
20251125,002061437_112,9,24292469,한국타피(주),한국타피(주),중소기업,제3자단가계약,43211514,컴퓨터키오스크,4321151401,증명발급기,"증명발급기, 한국타피, TAPI-9320J, 무인민원발급기/시청각장애인겸용",24800000,대,20251125,20251125,20260716,"특허, G-PASS기업, 가족친화인증기업, 일·생활균형우수기업, G-PASS기업(B등급)"
20251125,0023C0107_102,1,23777412,주식회사광명테크,주식회사광명테크,중소기업,제3자단가계약,43211514,컴퓨터키오스크,4321151401,증명발급기,"증명발급기, 광명테크, G7, 통합민원발급기",7700000,대,20251125,20251125,20260805,"장애인기업제품, 특허, 소기업"
20251125,0023C0107_102,2,23813369,주식회사광명테크,주식회사광명테크,중소기업,제3자단가계약,43211514,컴퓨터키오스크,4321151401,증명발급기,"증명발급기, 광명테크, G7i, 통합민원발급기",7750000,대,20251125,20251125,20260805,"장애인기업제품, 특허, 소기업"
20251125,0023C0107_102,3,24359644,주식회사광명테크,주식회사광명테크,중소기업,제3자단가계약,43211514,컴퓨터키오스크,4321151401,증명발급기,"증명발급기, 광명테크, G10, 무인민원발급기/시청각장애인겸용",19800000,대,20251125,20251125,20260805,"장애인기업제품, 특허, 소기업"
20251125,0023C0107_102,4,24359645,주식회사광명테크,주식회사광명테크,중소기업,제3자단가계약,43211514,컴퓨터키오스크,4321151401,증명발급기,"증명발급기, 광명테크, G10s, 무인민원발급기/시청각장애인겸용/촉각모니터",24800000,대,20251125,20251125,20260805,"장애인기업제품, 특허, 소기업"
20251125,0023C0107_102,5,25962410,주식회사광명테크,주식회사광명테크,중소기업,제3자단가계약,43211514,컴퓨터키오스크,4321151401,증명발급기,"증명발급기, 광명테크, G12s, 통합무인발급기/시청각장애인 겸용/촉각모니터",26000000,대,20251125,20251125,20260805,"장애인기업제품, 특허, 소기업"
20251125,0023C0107_102,6,25962411,주식회사광명테크,주식회사광명테크,중소기업,제3자단가계약,43211514,컴퓨터키오스크,4321151401,증명발급기,"증명발급기, 광명테크, G12, 통합무인발급기/시청각장애인 겸용",21980000,대,20251125,20251125,20260805,"장애인기업제품, 특허, 소기업"
20251125,0023C0107_102,7,25713564,주식회사광명테크,주식회사광명테크,중소기업,제3자단가계약,43211514,컴퓨터키오스크,4321151401,증명발급기,"증명발급기, 광명테크, G10i, 무인민원발급기/시청각장애인겸용",21800000,대,20251125,20251125,20260805,"장애인기업제품, 특허, 소기업"
20251125,0023C0107_102,8,25713566,주식회사광명테크,주식회사광명테크,중소기업,제3자단가계약,43211514,컴퓨터키오스크,4321151401,증명발급기,"증명발급기, 광명테크, G10SL, 무인민원발급기/시청각장애인겸용/촉각모니터",24800000,대,20251125,20251125,20260805,"장애인기업제품, 특허, 소기업"
20251230,002062281_108,5,24333819,(주)한국에임,(주)한국에임,중소기업,제3자단가계약,43211514,컴퓨터키오스크,4321151401,증명발급기,"증명발급기, 한국에임, HAIM-6800K, 무인민원발급기/시청각장애인겸용",19500000,대,20251230,20251230,20261227,"특허, G-PASS기업, 소상공인, G-PASS기업(B등급)"
20251230,002062281_108,6,25959485,(주)한국에임,(주)한국에임,중소기업,제3자단가계약,43211514,컴퓨터키오스크,4321151401,증명발급기,"증명발급기, 한국에임, HAIM-7000SC, 통합무인발급기/시청각장애인겸용",23000000,대,20251230,20251230,20261227,"특허, G-PASS기업, 소상공인, G-PASS기업(B등급)"
20251230,002062281_108,7,25959484,(주)한국에임,(주)한국에임,중소기업,제3자단가계약,43211514,컴퓨터키오스크,4321151401,증명발급기,"증명발급기, 한국에임, HAIM-7700SC, 통합무인발급기/시청각장애인겸용/촉각모니터",26000000,대,20251230,20251230,20261227,"특허, G-PASS기업, 소상공인, G-PASS기업(B등급)"
20260129,R25TA0024646402,1,24396429,"아이티고 주식회사 (ITGO Co., Ltd.)",아이티고 주식회사,중소기업,제3자단가계약,43211514,컴퓨터키오스크,4321151402,무인안내시스템,"무인안내시스템, 아이티고, SAFETOUCH(O)-55S2F, 옥외용비접촉키오스크",28440000,대,20260129,20260129,20260909,"우수조달물품, 창업기업제품, G-PASS기업, 소상공인, G-PASS기업(B등급)"
20260129,R25TA0024646402,2,23961332,"아이티고 주식회사 (ITGO Co., Ltd.)",아이티고 주식회사,중소기업,제3자단가계약,43211514,컴퓨터키오스크,4321151402,무인안내시스템,"무인안내시스템, 아이티고, SAFETOUCH(O)-46",27460000,대,20260129,20260129,20260909,"우수조달물품, 창업기업제품, G-PASS기업, 소상공인, G-PASS기업(B등급)"
20260129,R25TA0024646402,3,25559903,"아이티고 주식회사 (ITGO Co., Ltd.)","아이티고 주식회사 (ITGO Co., Ltd.)",중소기업,제3자단가계약,43211514,컴퓨터키오스크,4321151402,무인안내시스템,"무인안내시스템, 아이티고, SAFETOUCH(O)-55S2FC, 키오스크",32000000,대,20260129,20260129,20260909,"우수조달물품, 창업기업제품, G-PASS기업, 소상공인, G-PASS기업(B등급)"
20260305,0023C0245_102,2,22764188,(주)본시스,(주)본시스,중소기업,제3자단가계약,43211514,컴퓨터키오스크,4321151401,증명발급기,"증명발급기, 본시스, BON-6000K, 통합민원발급기",6850000,대,20260305,20260305,20260915,"소기업, 가족친화인증기업"
20260305,0023C0245_102,3,25885679,(주)본시스,(주)본시스,중소기업,제3자단가계약,43211514,컴퓨터키오스크,4321151401,증명발급기,"증명발급기, 본시스, BON-7100S, 통합민원발급기",7860000,대,20260305,20260305,20260915,"특허, 소기업, 가족친화인증기업"
20260305,0023C0245_102,4,25965307,(주)본시스,(주)본시스,중소기업,제3자단가계약,43211514,컴퓨터키오스크,4321151401,증명발급기,"증명발급기, 본시스, BON-6100K, 통합민원발급기",6850000,대,20260305,20260305,20260915,"특허, 소기업, 가족친화인증기업"
20260305,R25TA0040445101,1,25300626,삼원에프에이주식회사,삼원에프에이주식회사,중소기업,제3자단가계약,43211514,컴퓨터키오스크,4321151403,버스및차량정보안내장치,"버스및차량정보안내장치, 삼원에프에이, EBIT-1000P-60W, 독립형/단면",5688600,대,20260305,20260305,20271212,"성능인증제품, 녹색인증제품, KC인증, 우수조달물품, 특허"
20260305,R25TA0040445101,10,25286961,삼원에프에이주식회사,삼원에프에이주식회사,중소기업,제3자단가계약,43211514,컴퓨터키오스크,4321151403,버스및차량정보안내장치,"버스및차량정보안내장치, 삼원에프에이, EBIT-2000S-60W, 거치형/단면",7586400,대,20260305,20260305,20271212,"성능인증제품, 녹색인증제품, KC인증, 우수조달물품, 특허"
20260305,R25TA0040445101,11,25300627,삼원에프에이주식회사,삼원에프에이주식회사,중소기업,제3자단가계약,43211514,컴퓨터키오스크,4321151403,버스및차량정보안내장치,"버스및차량정보안내장치, 삼원에프에이, EBIT-3000P-60W, 독립형/단면",9083400,대,20260305,20260305,20271212,"성능인증제품, 녹색인증제품, KC인증, 우수조달물품, 특허"
20260305,R25TA0040445101,12,25286960,삼원에프에이주식회사,삼원에프에이주식회사,중소기업,제3자단가계약,43211514,컴퓨터키오스크,4321151403,버스및차량정보안내장치,"버스및차량정보안내장치, 삼원에프에이, EBIT-3000S-60W, 거치형/단면",8684200,대,20260305,20260305,20271212,"성능인증제품, 녹색인증제품, KC인증, 우수조달물품, 특허"
20260305,R25TA0040445101,2,25109706,삼원에프에이주식회사,삼원에프에이주식회사,중소기업,제3자단가계약,43211514,컴퓨터키오스크,4321151403,버스및차량정보안내장치,"버스및차량정보안내장치, 삼원에프에이, EBIT-1000S-60W, 거치형/단면",5289400,대,20260305,20260305,20271212,"성능인증제품, 녹색인증제품, KC인증, 우수조달물품, 특허"
20260305,R25TA0040445101,3,25300628,삼원에프에이주식회사,삼원에프에이주식회사,중소기업,제3자단가계약,43211514,컴퓨터키오스크,4321151403,버스및차량정보안내장치,"버스및차량정보안내장치, 삼원에프에이, EBIT-2000P-60W, 독립형/단면",7185600,대,20260305,20260305,20271212,"성능인증제품, 녹색인증제품, KC인증, 우수조달물품, 특허"
20260305,R25TA0040445101,4,25286961,삼원에프에이주식회사,삼원에프에이주식회사,중소기업,제3자단가계약,43211514,컴퓨터키오스크,4321151403,버스및차량정보안내장치,"버스및차량정보안내장치, 삼원에프에이, EBIT-2000S-60W, 거치형/단면",6786400,대,20260305,20260305,20271212,"성능인증제품, 녹색인증제품, KC인증, 우수조달물품, 특허"
20260305,R25TA0040445101,5,25300627,삼원에프에이주식회사,삼원에프에이주식회사,중소기업,제3자단가계약,43211514,컴퓨터키오스크,4321151403,버스및차량정보안내장치,"버스및차량정보안내장치, 삼원에프에이, EBIT-3000P-60W, 독립형/단면",8283400,대,20260305,20260305,20271212,"성능인증제품, 녹색인증제품, KC인증, 우수조달물품, 특허"
20260305,R25TA0040445101,6,25286960,삼원에프에이주식회사,삼원에프에이주식회사,중소기업,제3자단가계약,43211514,컴퓨터키오스크,4321151403,버스및차량정보안내장치,"버스및차량정보안내장치, 삼원에프에이, EBIT-3000S-60W, 거치형/단면",7884200,대,20260305,20260305,20271212,"성능인증제품, 녹색인증제품, KC인증, 우수조달물품, 특허"
20260305,R25TA0040445101,7,25300626,삼원에프에이주식회사,삼원에프에이주식회사,중소기업,제3자단가계약,43211514,컴퓨터키오스크,4321151403,버스및차량정보안내장치,"버스및차량정보안내장치, 삼원에프에이, EBIT-1000P-60W, 독립형/단면",6488600,대,20260305,20260305,20271212,"성능인증제품, 녹색인증제품, KC인증, 우수조달물품, 특허"
20260305,R25TA0040445101,8,25109706,삼원에프에이주식회사,삼원에프에이주식회사,중소기업,제3자단가계약,43211514,컴퓨터키오스크,4321151403,버스및차량정보안내장치,"버스및차량정보안내장치, 삼원에프에이, EBIT-1000S-60W, 거치형/단면",6089400,대,20260305,20260305,20271212,"성능인증제품, 녹색인증제품, KC인증, 우수조달물품, 특허"
20260305,R25TA0040445101,9,25300628,삼원에프에이주식회사,삼원에프에이주식회사,중소기업,제3자단가계약,43211514,컴퓨터키오스크,4321151403,버스및차량정보안내장치,"버스및차량정보안내장치, 삼원에프에이, EBIT-2000P-60W, 독립형/단면",7985600,대,20260305,20260305,20271212,"성능인증제품, 녹색인증제품, KC인증, 우수조달물품, 특허"
20260506,R26TA0182769000,1,25071460,주식회사 이츠,주식회사 이츠,중소기업,제3자단가계약,43211514,컴퓨터키오스크,4321151403,버스및차량정보안내장치,"버스및차량정보안내장치, 이츠, BIT-IS-03P0314, 거치형/단면",7041000,대,20260506,20260506,20260601,"성능인증제품, 우수조달물품, 특허, 소기업"
20260506,R26TA0182769000,10,25071438,주식회사 이츠,주식회사 이츠,중소기업,제3자단가계약,43211514,컴퓨터키오스크,4321151403,버스및차량정보안내장치,"버스및차량정보안내장치, 이츠, ITS-BITH40208S, 거치형/단면",7006000,대,20260506,20260506,20260601,"성능인증제품, 우수조달물품, 특허, 소기업"
20260506,R26TA0182769000,11,25071461,주식회사 이츠,주식회사 이츠,중소기업,제3자단가계약,43211514,컴퓨터키오스크,4321151403,버스및차량정보안내장치,"버스및차량정보안내장치, 이츠, ITS-BITH40210D, 거치형/양면",7656000,대,20260506,20260506,20260601,"성능인증제품, 우수조달물품, 특허, 소기업"
20260506,R26TA0182769000,12,25071461,주식회사 이츠,주식회사 이츠,중소기업,제3자단가계약,43211514,컴퓨터키오스크,4321151403,버스및차량정보안내장치,"버스및차량정보안내장치, 이츠, ITS-BITH40210D, 거치형/양면",8206000,대,20260506,20260506,20260601,"성능인증제품, 우수조달물품, 특허, 소기업"
20260506,R26TA0182769000,13,25071449,주식회사 이츠,주식회사 이츠,중소기업,제3자단가계약,43211514,컴퓨터키오스크,4321151403,버스및차량정보안내장치,"버스및차량정보안내장치, 이츠, ITS-BITH40210S, 거치형/단면",6546000,대,20260506,20260506,20260601,"성능인증제품, 우수조달물품, 특허, 소기업"
20260506,R26TA0182769000,14,25071449,주식회사 이츠,주식회사 이츠,중소기업,제3자단가계약,43211514,컴퓨터키오스크,4321151403,버스및차량정보안내장치,"버스및차량정보안내장치, 이츠, ITS-BITH40210S, 거치형/단면",7096000,대,20260506,20260506,20260601,"성능인증제품, 우수조달물품, 특허, 소기업"
20260506,R26TA0182769000,15,25071675,주식회사 이츠,주식회사 이츠,중소기업,제3자단가계약,43211514,컴퓨터키오스크,4321151403,버스및차량정보안내장치,"버스및차량정보안내장치, 이츠, ITS-BITH40212D, 거치형/양면",7772600,대,20260506,20260506,20260601,"성능인증제품, 우수조달물품, 특허, 소기업"
20260506,R26TA0182769000,16,25071675,주식회사 이츠,주식회사 이츠,중소기업,제3자단가계약,43211514,컴퓨터키오스크,4321151403,버스및차량정보안내장치,"버스및차량정보안내장치, 이츠, ITS-BITH40212D, 거치형/양면",8322600,대,20260506,20260506,20260601,"성능인증제품, 우수조달물품, 특허, 소기업"
20260506,R26TA0182769000,17,25071676,주식회사 이츠,주식회사 이츠,중소기업,제3자단가계약,43211514,컴퓨터키오스크,4321151403,버스및차량정보안내장치,"버스및차량정보안내장치, 이츠, ITS-BITH40212S, 거치형/단면",6230800,대,20260506,20260506,20260601,"성능인증제품, 우수조달물품, 특허, 소기업"
20260506,R26TA0182769000,18,25071676,주식회사 이츠,주식회사 이츠,중소기업,제3자단가계약,43211514,컴퓨터키오스크,4321151403,버스및차량정보안내장치,"버스및차량정보안내장치, 이츠, ITS-BITH40212S, 거치형/단면",6780800,대,20260506,20260506,20260601,"성능인증제품, 우수조달물품, 특허, 소기업"
20260506,R26TA0182769000,19,25071436,주식회사 이츠,주식회사 이츠,중소기업,제3자단가계약,43211514,컴퓨터키오스크,4321151403,버스및차량정보안내장치,"버스및차량정보안내장치, 이츠, ITS-BITH40306D, 거치형/양면",7289800,대,20260506,20260506,20260601,"성능인증제품, 우수조달물품, 특허, 소기업"
20260506,R26TA0182769000,2,25071460,주식회사 이츠,주식회사 이츠,중소기업,제3자단가계약,43211514,컴퓨터키오스크,4321151403,버스및차량정보안내장치,"버스및차량정보안내장치, 이츠, BIT-IS-03P0314, 거치형/단면",7591000,대,20260506,20260506,20260601,"성능인증제품, 우수조달물품, 특허, 소기업"
20260506,R26TA0182769000,20,25071436,주식회사 이츠,주식회사 이츠,중소기업,제3자단가계약,43211514,컴퓨터키오스크,4321151403,버스및차량정보안내장치,"버스및차량정보안내장치, 이츠, ITS-BITH40306D, 거치형/양면",7839800,대,20260506,20260506,20260601,"성능인증제품, 우수조달물품, 특허, 소기업"
20260506,R26TA0182769000,21,25071437,주식회사 이츠,주식회사 이츠,중소기업,제3자단가계약,43211514,컴퓨터키오스크,4321151403,버스및차량정보안내장치,"버스및차량정보안내장치, 이츠, ITS-BITH40306S, 거치형/단면",5989400,대,20260506,20260506,20260601,"성능인증제품, 우수조달물품, 특허, 소기업"
20260506,R26TA0182769000,22,25071437,주식회사 이츠,주식회사 이츠,중소기업,제3자단가계약,43211514,컴퓨터키오스크,4321151403,버스및차량정보안내장치,"버스및차량정보안내장치, 이츠, ITS-BITH40306S, 거치형/단면",6539400,대,20260506,20260506,20260601,"성능인증제품, 우수조달물품, 특허, 소기업"
20260506,R26TA0182769000,23,25071452,주식회사 이츠,주식회사 이츠,중소기업,제3자단가계약,43211514,컴퓨터키오스크,4321151403,버스및차량정보안내장치,"버스및차량정보안내장치, 이츠, ITS-BITH40308D, 거치형/양면",7772600,대,20260506,20260506,20260601,"성능인증제품, 우수조달물품, 특허, 소기업"
20260506,R26TA0182769000,24,25071452,주식회사 이츠,주식회사 이츠,중소기업,제3자단가계약,43211514,컴퓨터키오스크,4321151403,버스및차량정보안내장치,"버스및차량정보안내장치, 이츠, ITS-BITH40308D, 거치형/양면",8322600,대,20260506,20260506,20260601,"성능인증제품, 우수조달물품, 특허, 소기업"
20260506,R26TA0182769000,25,25071456,주식회사 이츠,주식회사 이츠,중소기업,제3자단가계약,43211514,컴퓨터키오스크,4321151403,버스및차량정보안내장치,"버스및차량정보안내장치, 이츠, ITS-BITH40308S, 거치형/단면",7000000,대,20260506,20260506,20260601,"성능인증제품, 우수조달물품, 특허, 소기업"
20260506,R26TA0182769000,26,25071456,주식회사 이츠,주식회사 이츠,중소기업,제3자단가계약,43211514,컴퓨터키오스크,4321151403,버스및차량정보안내장치,"버스및차량정보안내장치, 이츠, ITS-BITH40308S, 거치형/단면",7550000,대,20260506,20260506,20260601,"성능인증제품, 우수조달물품, 특허, 소기업"
20260506,R26TA0182769000,27,25071464,주식회사 이츠,주식회사 이츠,중소기업,제3자단가계약,43211514,컴퓨터키오스크,4321151403,버스및차량정보안내장치,"버스및차량정보안내장치, 이츠, ITS-BITH40310D, 거치형/양면",8110000,대,20260506,20260506,20260601,"성능인증제품, 우수조달물품, 특허, 소기업"
20260506,R26TA0182769000,28,25071464,주식회사 이츠,주식회사 이츠,중소기업,제3자단가계약,43211514,컴퓨터키오스크,4321151403,버스및차량정보안내장치,"버스및차량정보안내장치, 이츠, ITS-BITH40310D, 거치형/양면",8660000,대,20260506,20260506,20260601,"성능인증제품, 우수조달물품, 특허, 소기업"
20260506,R26TA0182769000,29,25071451,주식회사 이츠,주식회사 이츠,중소기업,제3자단가계약,43211514,컴퓨터키오스크,4321151403,버스및차량정보안내장치,"버스및차량정보안내장치, 이츠, ITS-BITH40310S, 거치형/단면",7263000,대,20260506,20260506,20260601,"성능인증제품, 우수조달물품, 특허, 소기업"
20260506,R26TA0182769000,3,25071465,주식회사 이츠,주식회사 이츠,중소기업,제3자단가계약,43211514,컴퓨터키오스크,4321151403,버스및차량정보안내장치,"버스및차량정보안내장치, 이츠, ITS-BITH40206D, 거치형/양면",6807100,대,20260506,20260506,20260601,"성능인증제품, 우수조달물품, 특허, 소기업"
20260506,R26TA0182769000,30,25071451,주식회사 이츠,주식회사 이츠,중소기업,제3자단가계약,43211514,컴퓨터키오스크,4321151403,버스및차량정보안내장치,"버스및차량정보안내장치, 이츠, ITS-BITH40310S, 거치형/단면",7813000,대,20260506,20260506,20260601,"성능인증제품, 우수조달물품, 특허, 소기업"
20260506,R26TA0182769000,31,25071453,주식회사 이츠,주식회사 이츠,중소기업,제3자단가계약,43211514,컴퓨터키오스크,4321151403,버스및차량정보안내장치,"버스및차량정보안내장치, 이츠, ITS-BITH40312D, 거치형/양면",8550000,대,20260506,20260506,20260601,"성능인증제품, 우수조달물품, 특허, 소기업"
20260506,R26TA0182769000,32,25071453,주식회사 이츠,주식회사 이츠,중소기업,제3자단가계약,43211514,컴퓨터키오스크,4321151403,버스및차량정보안내장치,"버스및차량정보안내장치, 이츠, ITS-BITH40312D, 거치형/양면",9100000,대,20260506,20260506,20260601,"성능인증제품, 우수조달물품, 특허, 소기업"
20260506,R26TA0182769000,33,25071440,주식회사 이츠,주식회사 이츠,중소기업,제3자단가계약,43211514,컴퓨터키오스크,4321151403,버스및차량정보안내장치,"버스및차량정보안내장치, 이츠, ITS-BITH40312S, 거치형/단면",7400000,대,20260506,20260506,20260601,"성능인증제품, 우수조달물품, 특허, 소기업"
20260506,R26TA0182769000,34,25071440,주식회사 이츠,주식회사 이츠,중소기업,제3자단가계약,43211514,컴퓨터키오스크,4321151403,버스및차량정보안내장치,"버스및차량정보안내장치, 이츠, ITS-BITH40312S, 거치형/단면",7950000,대,20260506,20260506,20260601,"성능인증제품, 우수조달물품, 특허, 소기업"
20260506,R26TA0182769000,35,25071463,주식회사 이츠,주식회사 이츠,중소기업,제3자단가계약,43211514,컴퓨터키오스크,4321151403,버스및차량정보안내장치,"버스및차량정보안내장치, 이츠, ITS-BITN30206D, 거치형/양면",6807100,대,20260506,20260506,20260601,"성능인증제품, 우수조달물품, 특허, 소기업"
20260506,R26TA0182769000,36,25071463,주식회사 이츠,주식회사 이츠,중소기업,제3자단가계약,43211514,컴퓨터키오스크,4321151403,버스및차량정보안내장치,"버스및차량정보안내장치, 이츠, ITS-BITN30206D, 거치형/양면",7357100,대,20260506,20260506,20260601,"성능인증제품, 우수조달물품, 특허, 소기업"
20260506,R26TA0182769000,37,25071466,주식회사 이츠,주식회사 이츠,중소기업,제3자단가계약,43211514,컴퓨터키오스크,4321151403,버스및차량정보안내장치,"버스및차량정보안내장치, 이츠, ITS-BITN30206S, 거치형/단면",5748000,대,20260506,20260506,20260601,"성능인증제품, 우수조달물품, 특허, 소기업"
20260506,R26TA0182769000,38,25071466,주식회사 이츠,주식회사 이츠,중소기업,제3자단가계약,43211514,컴퓨터키오스크,4321151403,버스및차량정보안내장치,"버스및차량정보안내장치, 이츠, ITS-BITN30206S, 거치형/단면",6298000,대,20260506,20260506,20260601,"성능인증제품, 우수조달물품, 특허, 소기업"
20260506,R26TA0182769000,39,25071444,주식회사 이츠,주식회사 이츠,중소기업,제3자단가계약,43211514,컴퓨터키오스크,4321151403,버스및차량정보안내장치,"버스및차량정보안내장치, 이츠, ITS-BITN30208D, 거치형/양면",7128900,대,20260506,20260506,20260601,"성능인증제품, 우수조달물품, 특허, 소기업"
20260506,R26TA0182769000,4,25071465,주식회사 이츠,주식회사 이츠,중소기업,제3자단가계약,43211514,컴퓨터키오스크,4321151403,버스및차량정보안내장치,"버스및차량정보안내장치, 이츠, ITS-BITH40206D, 거치형/양면",7357100,대,20260506,20260506,20260601,"성능인증제품, 우수조달물품, 특허, 소기업"
20260506,R26TA0182769000,40,25071444,주식회사 이츠,주식회사 이츠,중소기업,제3자단가계약,43211514,컴퓨터키오스크,4321151403,버스및차량정보안내장치,"버스및차량정보안내장치, 이츠, ITS-BITN30208D, 거치형/양면",7678900,대,20260506,20260506,20260601,"성능인증제품, 우수조달물품, 특허, 소기업"
20260506,R26TA0182769000,41,25066790,주식회사 이츠,주식회사 이츠,중소기업,제3자단가계약,43211514,컴퓨터키오스크,4321151403,버스및차량정보안내장치,"버스및차량정보안내장치, 이츠, ITS-BITN30208S, 거치형/단면",5908900,대,20260506,20260506,20260601,"성능인증제품, 우수조달물품, 특허, 소기업"
20260506,R26TA0182769000,42,25066790,주식회사 이츠,주식회사 이츠,중소기업,제3자단가계약,43211514,컴퓨터키오스크,4321151403,버스및차량정보안내장치,"버스및차량정보안내장치, 이츠, ITS-BITN30208S, 거치형/단면",6458900,대,20260506,20260506,20260601,"성능인증제품, 우수조달물품, 특허, 소기업"
20260506,R26TA0182769000,43,25071441,주식회사 이츠,주식회사 이츠,중소기업,제3자단가계약,43211514,컴퓨터키오스크,4321151403,버스및차량정보안내장치,"버스및차량정보안내장치, 이츠, ITS-BITN30210D, 거치형/양면",7450800,대,20260506,20260506,20260601,"성능인증제품, 우수조달물품, 특허, 소기업"
20260506,R26TA0182769000,44,25071441,주식회사 이츠,주식회사 이츠,중소기업,제3자단가계약,43211514,컴퓨터키오스크,4321151403,버스및차량정보안내장치,"버스및차량정보안내장치, 이츠, ITS-BITN30210D, 거치형/양면",8000800,대,20260506,20260506,20260601,"성능인증제품, 우수조달물품, 특허, 소기업"
20260506,R26TA0182769000,45,25071455,주식회사 이츠,주식회사 이츠,중소기업,제3자단가계약,43211514,컴퓨터키오스크,4321151403,버스및차량정보안내장치,"버스및차량정보안내장치, 이츠, ITS-BITN30210S, 거치형/단면",6069800,대,20260506,20260506,20260601,"성능인증제품, 우수조달물품, 특허, 소기업"
20260506,R26TA0182769000,46,25071455,주식회사 이츠,주식회사 이츠,중소기업,제3자단가계약,43211514,컴퓨터키오스크,4321151403,버스및차량정보안내장치,"버스및차량정보안내장치, 이츠, ITS-BITN30210S, 거치형/단면",6619800,대,20260506,20260506,20260601,"성능인증제품, 우수조달물품, 특허, 소기업"
20260506,R26TA0182769000,47,25071677,주식회사 이츠,주식회사 이츠,중소기업,제3자단가계약,43211514,컴퓨터키오스크,4321151403,버스및차량정보안내장치,"버스및차량정보안내장치, 이츠, ITS-BITN30212D, 거치형/양면",7772600,대,20260506,20260506,20260601,"성능인증제품, 우수조달물품, 특허, 소기업"
20260506,R26TA0182769000,48,25071677,주식회사 이츠,주식회사 이츠,중소기업,제3자단가계약,43211514,컴퓨터키오스크,4321151403,버스및차량정보안내장치,"버스및차량정보안내장치, 이츠, ITS-BITN30212D, 거치형/양면",8322600,대,20260506,20260506,20260601,"성능인증제품, 우수조달물품, 특허, 소기업"
20260506,R26TA0182769000,49,25071678,주식회사 이츠,주식회사 이츠,중소기업,제3자단가계약,43211514,컴퓨터키오스크,4321151403,버스및차량정보안내장치,"버스및차량정보안내장치, 이츠, ITS-BITN30212S, 거치형/단면",6230800,대,20260506,20260506,20260601,"성능인증제품, 우수조달물품, 특허, 소기업"
20260506,R26TA0182769000,5,25071459,주식회사 이츠,주식회사 이츠,중소기업,제3자단가계약,43211514,컴퓨터키오스크,4321151403,버스및차량정보안내장치,"버스및차량정보안내장치, 이츠, ITS-BITH40206S, 거치형/단면",5748000,대,20260506,20260506,20260601,"성능인증제품, 우수조달물품, 특허, 소기업"
20260506,R26TA0182769000,50,25071678,주식회사 이츠,주식회사 이츠,중소기업,제3자단가계약,43211514,컴퓨터키오스크,4321151403,버스및차량정보안내장치,"버스및차량정보안내장치, 이츠, ITS-BITN30212S, 거치형/단면",6780800,대,20260506,20260506,20260601,"성능인증제품, 우수조달물품, 특허, 소기업"
20260506,R26TA0182769000,51,25071679,주식회사 이츠,주식회사 이츠,중소기업,제3자단가계약,43211514,컴퓨터키오스크,4321151403,버스및차량정보안내장치,"버스및차량정보안내장치, 이츠, ITS-BITN30214D, 거치형/양면",8094400,대,20260506,20260506,20260601,"성능인증제품, 우수조달물품, 특허, 소기업"
20260506,R26TA0182769000,52,25071679,주식회사 이츠,주식회사 이츠,중소기업,제3자단가계약,43211514,컴퓨터키오스크,4321151403,버스및차량정보안내장치,"버스및차량정보안내장치, 이츠, ITS-BITN30214D, 거치형/양면",8644400,대,20260506,20260506,20260601,"성능인증제품, 우수조달물품, 특허, 소기업"
20260506,R26TA0182769000,53,25071674,주식회사 이츠,주식회사 이츠,중소기업,제3자단가계약,43211514,컴퓨터키오스크,4321151403,버스및차량정보안내장치,"버스및차량정보안내장치, 이츠, ITS-BITN30214S, 거치형/단면",6391700,대,20260506,20260506,20260601,"성능인증제품, 우수조달물품, 특허, 소기업"
20260506,R26TA0182769000,54,25071674,주식회사 이츠,주식회사 이츠,중소기업,제3자단가계약,43211514,컴퓨터키오스크,4321151403,버스및차량정보안내장치,"버스및차량정보안내장치, 이츠, ITS-BITN30214S, 거치형/단면",6941700,대,20260506,20260506,20260601,"성능인증제품, 우수조달물품, 특허, 소기업"
20260506,R26TA0182769000,55,25071435,주식회사 이츠,주식회사 이츠,중소기업,제3자단가계약,43211514,컴퓨터키오스크,4321151403,버스및차량정보안내장치,"버스및차량정보안내장치, 이츠, ITS-BITN30306D, 거치형/양면",7289800,대,20260506,20260506,20260601,"성능인증제품, 우수조달물품, 특허, 소기업"
20260506,R26TA0182769000,56,25071435,주식회사 이츠,주식회사 이츠,중소기업,제3자단가계약,43211514,컴퓨터키오스크,4321151403,버스및차량정보안내장치,"버스및차량정보안내장치, 이츠, ITS-BITN30306D, 거치형/양면",7839800,대,20260506,20260506,20260601,"성능인증제품, 우수조달물품, 특허, 소기업"
20260506,R26TA0182769000,57,25071446,주식회사 이츠,주식회사 이츠,중소기업,제3자단가계약,43211514,컴퓨터키오스크,4321151403,버스및차량정보안내장치,"버스및차량정보안내장치, 이츠, ITS-BITN30306S, 거치형/단면",5989400,대,20260506,20260506,20260601,"성능인증제품, 우수조달물품, 특허, 소기업"
20260506,R26TA0182769000,58,25071446,주식회사 이츠,주식회사 이츠,중소기업,제3자단가계약,43211514,컴퓨터키오스크,4321151403,버스및차량정보안내장치,"버스및차량정보안내장치, 이츠, ITS-BITN30306S, 거치형/단면",6539400,대,20260506,20260506,20260601,"성능인증제품, 우수조달물품, 특허, 소기업"
20260506,R26TA0182769000,59,25071445,주식회사 이츠,주식회사 이츠,중소기업,제3자단가계약,43211514,컴퓨터키오스크,4321151403,버스및차량정보안내장치,"버스및차량정보안내장치, 이츠, ITS-BITN30308D, 거치형/양면",7772600,대,20260506,20260506,20260601,"성능인증제품, 우수조달물품, 특허, 소기업"
20260506,R26TA0182769000,6,25071459,주식회사 이츠,주식회사 이츠,중소기업,제3자단가계약,43211514,컴퓨터키오스크,4321151403,버스및차량정보안내장치,"버스및차량정보안내장치, 이츠, ITS-BITH40206S, 거치형/단면",6298000,대,20260506,20260506,20260601,"성능인증제품, 우수조달물품, 특허, 소기업"
20260506,R26TA0182769000,60,25071445,주식회사 이츠,주식회사 이츠,중소기업,제3자단가계약,43211514,컴퓨터키오스크,4321151403,버스및차량정보안내장치,"버스및차량정보안내장치, 이츠, ITS-BITN30308D, 거치형/양면",8322600,대,20260506,20260506,20260601,"성능인증제품, 우수조달물품, 특허, 소기업"
20260506,R26TA0182769000,61,25071442,주식회사 이츠,주식회사 이츠,중소기업,제3자단가계약,43211514,컴퓨터키오스크,4321151403,버스및차량정보안내장치,"버스및차량정보안내장치, 이츠, ITS-BITN30308S, 거치형/단면",6230800,대,20260506,20260506,20260601,"성능인증제품, 우수조달물품, 특허, 소기업"
20260506,R26TA0182769000,62,25071442,주식회사 이츠,주식회사 이츠,중소기업,제3자단가계약,43211514,컴퓨터키오스크,4321151403,버스및차량정보안내장치,"버스및차량정보안내장치, 이츠, ITS-BITN30308S, 거치형/단면",6780800,대,20260506,20260506,20260601,"성능인증제품, 우수조달물품, 특허, 소기업"
20260506,R26TA0182769000,63,25071468,주식회사 이츠,주식회사 이츠,중소기업,제3자단가계약,43211514,컴퓨터키오스크,4321151403,버스및차량정보안내장치,"버스및차량정보안내장치, 이츠, ITS-BITN30310D, 거치형/양면",8255400,대,20260506,20260506,20260601,"성능인증제품, 우수조달물품, 특허, 소기업"
20260506,R26TA0182769000,64,25071468,주식회사 이츠,주식회사 이츠,중소기업,제3자단가계약,43211514,컴퓨터키오스크,4321151403,버스및차량정보안내장치,"버스및차량정보안내장치, 이츠, ITS-BITN30310D, 거치형/양면",8805400,대,20260506,20260506,20260601,"성능인증제품, 우수조달물품, 특허, 소기업"
20260506,R26TA0182769000,65,25071454,주식회사 이츠,주식회사 이츠,중소기업,제3자단가계약,43211514,컴퓨터키오스크,4321151403,버스및차량정보안내장치,"버스및차량정보안내장치, 이츠, ITS-BITN30310S, 거치형/단면",6472100,대,20260506,20260506,20260601,"성능인증제품, 우수조달물품, 특허, 소기업"
20260506,R26TA0182769000,66,25071454,주식회사 이츠,주식회사 이츠,중소기업,제3자단가계약,43211514,컴퓨터키오스크,4321151403,버스및차량정보안내장치,"버스및차량정보안내장치, 이츠, ITS-BITN30310S, 거치형/단면",7022100,대,20260506,20260506,20260601,"성능인증제품, 우수조달물품, 특허, 소기업"
20260506,R26TA0182769000,67,25071447,주식회사 이츠,주식회사 이츠,중소기업,제3자단가계약,43211514,컴퓨터키오스크,4321151403,버스및차량정보안내장치,"버스및차량정보안내장치, 이츠, ITS-BITN30312D, 거치형/양면",8681000,대,20260506,20260506,20260601,"성능인증제품, 우수조달물품, 특허, 소기업"
20260506,R26TA0182769000,68,25071447,주식회사 이츠,주식회사 이츠,중소기업,제3자단가계약,43211514,컴퓨터키오스크,4321151403,버스및차량정보안내장치,"버스및차량정보안내장치, 이츠, ITS-BITN30312D, 거치형/양면",9231000,대,20260506,20260506,20260601,"성능인증제품, 우수조달물품, 특허, 소기업"
20260506,R26TA0182769000,69,25071457,주식회사 이츠,주식회사 이츠,중소기업,제3자단가계약,43211514,컴퓨터키오스크,4321151403,버스및차량정보안내장치,"버스및차량정보안내장치, 이츠, ITS-BITN30312S, 거치형/단면",7450000,대,20260506,20260506,20260601,"성능인증제품, 우수조달물품, 특허, 소기업"
20260506,R26TA0182769000,7,25071439,주식회사 이츠,주식회사 이츠,중소기업,제3자단가계약,43211514,컴퓨터키오스크,4321151403,버스및차량정보안내장치,"버스및차량정보안내장치, 이츠, ITS-BITH40208D, 거치형/양면",7128900,대,20260506,20260506,20260601,"성능인증제품, 우수조달물품, 특허, 소기업"
20260506,R26TA0182769000,70,25071457,주식회사 이츠,주식회사 이츠,중소기업,제3자단가계약,43211514,컴퓨터키오스크,4321151403,버스및차량정보안내장치,"버스및차량정보안내장치, 이츠, ITS-BITN30312S, 거치형/단면",8000000,대,20260506,20260506,20260601,"성능인증제품, 우수조달물품, 특허, 소기업"
20260506,R26TA0182769000,71,25071467,주식회사 이츠,주식회사 이츠,중소기업,제3자단가계약,43211514,컴퓨터키오스크,4321151403,버스및차량정보안내장치,"버스및차량정보안내장치, 이츠, ITS-BITN30314D, 거치형/양면",8504000,대,20260506,20260506,20260601,"성능인증제품, 우수조달물품, 특허, 소기업"
20260506,R26TA0182769000,72,25071467,주식회사 이츠,주식회사 이츠,중소기업,제3자단가계약,43211514,컴퓨터키오스크,4321151403,버스및차량정보안내장치,"버스및차량정보안내장치, 이츠, ITS-BITN30314D, 거치형/양면",9054000,대,20260506,20260506,20260601,"성능인증제품, 우수조달물품, 특허, 소기업"
20260506,R26TA0182769000,73,25071432,주식회사 이츠,주식회사 이츠,중소기업,제3자단가계약,43211514,컴퓨터키오스크,4321151403,버스및차량정보안내장치,"버스및차량정보안내장치, 이츠, ITS-BITN30406D, 거치형/양면",7772600,대,20260506,20260506,20260601,"성능인증제품, 우수조달물품, 특허, 소기업"
20260506,R26TA0182769000,74,25071432,주식회사 이츠,주식회사 이츠,중소기업,제3자단가계약,43211514,컴퓨터키오스크,4321151403,버스및차량정보안내장치,"버스및차량정보안내장치, 이츠, ITS-BITN30406D, 거치형/양면",8322600,대,20260506,20260506,20260601,"성능인증제품, 우수조달물품, 특허, 소기업"
20260506,R26TA0182769000,75,25071434,주식회사 이츠,주식회사 이츠,중소기업,제3자단가계약,43211514,컴퓨터키오스크,4321151403,버스및차량정보안내장치,"버스및차량정보안내장치, 이츠, ITS-BITN30406S, 거치형/단면",6230800,대,20260506,20260506,20260601,"성능인증제품, 우수조달물품, 특허, 소기업"
20260506,R26TA0182769000,76,25071434,주식회사 이츠,주식회사 이츠,중소기업,제3자단가계약,43211514,컴퓨터키오스크,4321151403,버스및차량정보안내장치,"버스및차량정보안내장치, 이츠, ITS-BITN30406S, 거치형/단면",6780800,대,20260506,20260506,20260601,"성능인증제품, 우수조달물품, 특허, 소기업"
20260506,R26TA0182769000,77,25071433,주식회사 이츠,주식회사 이츠,중소기업,제3자단가계약,43211514,컴퓨터키오스크,4321151403,버스및차량정보안내장치,"버스및차량정보안내장치, 이츠, ITS-BITN30408D, 거치형/양면",8416300,대,20260506,20260506,20260601,"성능인증제품, 우수조달물품, 특허, 소기업"
20260506,R26TA0182769000,78,25071433,주식회사 이츠,주식회사 이츠,중소기업,제3자단가계약,43211514,컴퓨터키오스크,4321151403,버스및차량정보안내장치,"버스및차량정보안내장치, 이츠, ITS-BITN30408D, 거치형/양면",8966300,대,20260506,20260506,20260601,"성능인증제품, 우수조달물품, 특허, 소기업"
20260506,R26TA0182769000,79,25071669,주식회사 이츠,주식회사 이츠,중소기업,제3자단가계약,43211514,컴퓨터키오스크,4321151403,버스및차량정보안내장치,"버스및차량정보안내장치, 이츠, ITS-BITN30408S, 거치형/단면",6552600,대,20260506,20260506,20260601,"성능인증제품, 우수조달물품, 특허, 소기업"
20260506,R26TA0182769000,8,25071439,주식회사 이츠,주식회사 이츠,중소기업,제3자단가계약,43211514,컴퓨터키오스크,4321151403,버스및차량정보안내장치,"버스및차량정보안내장치, 이츠, ITS-BITH40208D, 거치형/양면",7678900,대,20260506,20260506,20260601,"성능인증제품, 우수조달물품, 특허, 소기업"
20260506,R26TA0182769000,80,25071669,주식회사 이츠,주식회사 이츠,중소기업,제3자단가계약,43211514,컴퓨터키오스크,4321151403,버스및차량정보안내장치,"버스및차량정보안내장치, 이츠, ITS-BITN30408S, 거치형/단면",7102600,대,20260506,20260506,20260601,"성능인증제품, 우수조달물품, 특허, 소기업"
20260506,R26TA0182769000,81,25071448,주식회사 이츠,주식회사 이츠,중소기업,제3자단가계약,43211514,컴퓨터키오스크,4321151403,버스및차량정보안내장치,"버스및차량정보안내장치, 이츠, ITS-BITN30410D, 거치형/양면",9060000,대,20260506,20260506,20260601,"성능인증제품, 우수조달물품, 특허, 소기업"
20260506,R26TA0182769000,82,25071448,주식회사 이츠,주식회사 이츠,중소기업,제3자단가계약,43211514,컴퓨터키오스크,4321151403,버스및차량정보안내장치,"버스및차량정보안내장치, 이츠, ITS-BITN30410D, 거치형/양면",9610000,대,20260506,20260506,20260601,"성능인증제품, 우수조달물품, 특허, 소기업"
20260506,R26TA0182769000,83,25071458,주식회사 이츠,주식회사 이츠,중소기업,제3자단가계약,43211514,컴퓨터키오스크,4321151403,버스및차량정보안내장치,"버스및차량정보안내장치, 이츠, ITS-BITN30410S, 거치형/단면",6874400,대,20260506,20260506,20260601,"성능인증제품, 우수조달물품, 특허, 소기업"
20260506,R26TA0182769000,84,25071458,주식회사 이츠,주식회사 이츠,중소기업,제3자단가계약,43211514,컴퓨터키오스크,4321151403,버스및차량정보안내장치,"버스및차량정보안내장치, 이츠, ITS-BITN30410S, 거치형/단면",7424400,대,20260506,20260506,20260601,"성능인증제품, 우수조달물품, 특허, 소기업"
20260506,R26TA0182769000,85,25071450,주식회사 이츠,주식회사 이츠,중소기업,제3자단가계약,43211514,컴퓨터키오스크,4321151403,버스및차량정보안내장치,"버스및차량정보안내장치, 이츠, ITS-BITN30412D, 거치형/양면",9160000,대,20260506,20260506,20260601,"성능인증제품, 우수조달물품, 특허, 소기업"
20260506,R26TA0182769000,86,25071450,주식회사 이츠,주식회사 이츠,중소기업,제3자단가계약,43211514,컴퓨터키오스크,4321151403,버스및차량정보안내장치,"버스및차량정보안내장치, 이츠, ITS-BITN30412D, 거치형/양면",9710000,대,20260506,20260506,20260601,"성능인증제품, 우수조달물품, 특허, 소기업"
20260506,R26TA0182769000,87,25071670,주식회사 이츠,주식회사 이츠,중소기업,제3자단가계약,43211514,컴퓨터키오스크,4321151403,버스및차량정보안내장치,"버스및차량정보안내장치, 이츠, ITS-BITN30412S, 거치형/단면",7755000,대,20260506,20260506,20260601,"성능인증제품, 우수조달물품, 특허, 소기업"
20260506,R26TA0182769000,88,25071670,주식회사 이츠,주식회사 이츠,중소기업,제3자단가계약,43211514,컴퓨터키오스크,4321151403,버스및차량정보안내장치,"버스및차량정보안내장치, 이츠, ITS-BITN30412S, 거치형/단면",8305000,대,20260506,20260506,20260601,"성능인증제품, 우수조달물품, 특허, 소기업"
20260506,R26TA0182769000,89,25071443,주식회사 이츠,주식회사 이츠,중소기업,제3자단가계약,43211514,컴퓨터키오스크,4321151403,버스및차량정보안내장치,"버스및차량정보안내장치, 이츠, ITS-BITN30414D, 거치형/양면",9520000,대,20260506,20260506,20260601,"성능인증제품, 우수조달물품, 특허, 소기업"
20260506,R26TA0182769000,9,25071438,주식회사 이츠,주식회사 이츠,중소기업,제3자단가계약,43211514,컴퓨터키오스크,4321151403,버스및차량정보안내장치,"버스및차량정보안내장치, 이츠, ITS-BITH40208S, 거치형/단면",6456000,대,20260506,20260506,20260601,"성능인증제품, 우수조달물품, 특허, 소기업"
20260506,R26TA0182769000,90,25071443,주식회사 이츠,주식회사 이츠,중소기업,제3자단가계약,43211514,컴퓨터키오스크,4321151403,버스및차량정보안내장치,"버스및차량정보안내장치, 이츠, ITS-BITN30414D, 거치형/양면",10070000,대,20260506,20260506,20260601,"성능인증제품, 우수조달물품, 특허, 소기업"
20260506,R26TA0182769000,91,25071462,주식회사 이츠,주식회사 이츠,중소기업,제3자단가계약,43211514,컴퓨터키오스크,4321151403,버스및차량정보안내장치,"버스및차량정보안내장치, 이츠, ITS-BITN30414S, 거치형/단면",7920000,대,20260506,20260506,20260601,"성능인증제품, 우수조달물품, 특허, 소기업"
20260506,R26TA0182769000,92,25071462,주식회사 이츠,주식회사 이츠,중소기업,제3자단가계약,43211514,컴퓨터키오스크,4321151403,버스및차량정보안내장치,"버스및차량정보안내장치, 이츠, ITS-BITN30414S, 거치형/단면",8470000,대,20260506,20260506,20260601,"성능인증제품, 우수조달물품, 특허, 소기업"
20260601,R26TA0182769001,1,25071460,주식회사 이츠,주식회사 이츠,중소기업,제3자단가계약,43211514,컴퓨터키오스크,4321151403,버스및차량정보안내장치,"버스및차량정보안내장치, 이츠, BIT-IS-03P0314, 거치형/단면",7041000,대,20260601,20260601,20290117,"성능인증제품, 우수조달물품, 특허, 소기업"
20260601,R26TA0182769001,10,25071438,주식회사 이츠,주식회사 이츠,중소기업,제3자단가계약,43211514,컴퓨터키오스크,4321151403,버스및차량정보안내장치,"버스및차량정보안내장치, 이츠, ITS-BITH40208S, 거치형/단면",7006000,대,20260601,20260601,20290117,"성능인증제품, 우수조달물품, 특허, 소기업"
20260601,R26TA0182769001,11,25071461,주식회사 이츠,주식회사 이츠,중소기업,제3자단가계약,43211514,컴퓨터키오스크,4321151403,버스및차량정보안내장치,"버스및차량정보안내장치, 이츠, ITS-BITH40210D, 거치형/양면",7656000,대,20260601,20260601,20290117,"성능인증제품, 우수조달물품, 특허, 소기업"
20260601,R26TA0182769001,12,25071461,주식회사 이츠,주식회사 이츠,중소기업,제3자단가계약,43211514,컴퓨터키오스크,4321151403,버스및차량정보안내장치,"버스및차량정보안내장치, 이츠, ITS-BITH40210D, 거치형/양면",8206000,대,20260601,20260601,20290117,"성능인증제품, 우수조달물품, 특허, 소기업"
20260601,R26TA0182769001,13,25071449,주식회사 이츠,주식회사 이츠,중소기업,제3자단가계약,43211514,컴퓨터키오스크,4321151403,버스및차량정보안내장치,"버스및차량정보안내장치, 이츠, ITS-BITH40210S, 거치형/단면",6546000,대,20260601,20260601,20290117,"성능인증제품, 우수조달물품, 특허, 소기업"
20260601,R26TA0182769001,14,25071449,주식회사 이츠,주식회사 이츠,중소기업,제3자단가계약,43211514,컴퓨터키오스크,4321151403,버스및차량정보안내장치,"버스및차량정보안내장치, 이츠, ITS-BITH40210S, 거치형/단면",7096000,대,20260601,20260601,20290117,"성능인증제품, 우수조달물품, 특허, 소기업"
20260601,R26TA0182769001,15,25071675,주식회사 이츠,주식회사 이츠,중소기업,제3자단가계약,43211514,컴퓨터키오스크,4321151403,버스및차량정보안내장치,"버스및차량정보안내장치, 이츠, ITS-BITH40212D, 거치형/양면",7772600,대,20260601,20260601,20290117,"성능인증제품, 우수조달물품, 특허, 소기업"
20260601,R26TA0182769001,16,25071675,주식회사 이츠,주식회사 이츠,중소기업,제3자단가계약,43211514,컴퓨터키오스크,4321151403,버스및차량정보안내장치,"버스및차량정보안내장치, 이츠, ITS-BITH40212D, 거치형/양면",8322600,대,20260601,20260601,20290117,"성능인증제품, 우수조달물품, 특허, 소기업"
20260601,R26TA0182769001,17,25071676,주식회사 이츠,주식회사 이츠,중소기업,제3자단가계약,43211514,컴퓨터키오스크,4321151403,버스및차량정보안내장치,"버스및차량정보안내장치, 이츠, ITS-BITH40212S, 거치형/단면",6230800,대,20260601,20260601,20290117,"성능인증제품, 우수조달물품, 특허, 소기업"
20260601,R26TA0182769001,18,25071676,주식회사 이츠,주식회사 이츠,중소기업,제3자단가계약,43211514,컴퓨터키오스크,4321151403,버스및차량정보안내장치,"버스및차량정보안내장치, 이츠, ITS-BITH40212S, 거치형/단면",6780800,대,20260601,20260601,20290117,"성능인증제품, 우수조달물품, 특허, 소기업"
20260601,R26TA0182769001,19,25071436,주식회사 이츠,주식회사 이츠,중소기업,제3자단가계약,43211514,컴퓨터키오스크,4321151403,버스및차량정보안내장치,"버스및차량정보안내장치, 이츠, ITS-BITH40306D, 거치형/양면",7289800,대,20260601,20260601,20290117,"성능인증제품, 우수조달물품, 특허, 소기업"
20260601,R26TA0182769001,2,25071460,주식회사 이츠,주식회사 이츠,중소기업,제3자단가계약,43211514,컴퓨터키오스크,4321151403,버스및차량정보안내장치,"버스및차량정보안내장치, 이츠, BIT-IS-03P0314, 거치형/단면",7591000,대,20260601,20260601,20290117,"성능인증제품, 우수조달물품, 특허, 소기업"
20260601,R26TA0182769001,20,25071436,주식회사 이츠,주식회사 이츠,중소기업,제3자단가계약,43211514,컴퓨터키오스크,4321151403,버스및차량정보안내장치,"버스및차량정보안내장치, 이츠, ITS-BITH40306D, 거치형/양면",7839800,대,20260601,20260601,20290117,"성능인증제품, 우수조달물품, 특허, 소기업"
20260601,R26TA0182769001,21,25071437,주식회사 이츠,주식회사 이츠,중소기업,제3자단가계약,43211514,컴퓨터키오스크,4321151403,버스및차량정보안내장치,"버스및차량정보안내장치, 이츠, ITS-BITH40306S, 거치형/단면",5989400,대,20260601,20260601,20290117,"성능인증제품, 우수조달물품, 특허, 소기업"
20260601,R26TA0182769001,22,25071437,주식회사 이츠,주식회사 이츠,중소기업,제3자단가계약,43211514,컴퓨터키오스크,4321151403,버스및차량정보안내장치,"버스및차량정보안내장치, 이츠, ITS-BITH40306S, 거치형/단면",6539400,대,20260601,20260601,20290117,"성능인증제품, 우수조달물품, 특허, 소기업"
20260601,R26TA0182769001,23,25071452,주식회사 이츠,주식회사 이츠,중소기업,제3자단가계약,43211514,컴퓨터키오스크,4321151403,버스및차량정보안내장치,"버스및차량정보안내장치, 이츠, ITS-BITH40308D, 거치형/양면",7772600,대,20260601,20260601,20290117,"성능인증제품, 우수조달물품, 특허, 소기업"
20260601,R26TA0182769001,24,25071452,주식회사 이츠,주식회사 이츠,중소기업,제3자단가계약,43211514,컴퓨터키오스크,4321151403,버스및차량정보안내장치,"버스및차량정보안내장치, 이츠, ITS-BITH40308D, 거치형/양면",8322600,대,20260601,20260601,20290117,"성능인증제품, 우수조달물품, 특허, 소기업"
20260601,R26TA0182769001,25,25071456,주식회사 이츠,주식회사 이츠,중소기업,제3자단가계약,43211514,컴퓨터키오스크,4321151403,버스및차량정보안내장치,"버스및차량정보안내장치, 이츠, ITS-BITH40308S, 거치형/단면",6735000,대,20260601,20260601,20290117,"성능인증제품, 우수조달물품, 특허, 소기업"
20260601,R26TA0182769001,26,25071456,주식회사 이츠,주식회사 이츠,중소기업,제3자단가계약,43211514,컴퓨터키오스크,4321151403,버스및차량정보안내장치,"버스및차량정보안내장치, 이츠, ITS-BITH40308S, 거치형/단면",7000000,대,20260601,20260601,20290117,"성능인증제품, 우수조달물품, 특허, 소기업"
20260601,R26TA0182769001,27,25071464,주식회사 이츠,주식회사 이츠,중소기업,제3자단가계약,43211514,컴퓨터키오스크,4321151403,버스및차량정보안내장치,"버스및차량정보안내장치, 이츠, ITS-BITH40310D, 거치형/양면",7647000,대,20260601,20260601,20290117,"성능인증제품, 우수조달물품, 특허, 소기업"
20260601,R26TA0182769001,28,25071464,주식회사 이츠,주식회사 이츠,중소기업,제3자단가계약,43211514,컴퓨터키오스크,4321151403,버스및차량정보안내장치,"버스및차량정보안내장치, 이츠, ITS-BITH40310D, 거치형/양면",8112000,대,20260601,20260601,20290117,"성능인증제품, 우수조달물품, 특허, 소기업"
20260601,R26TA0182769001,29,25071451,주식회사 이츠,주식회사 이츠,중소기업,제3자단가계약,43211514,컴퓨터키오스크,4321151403,버스및차량정보안내장치,"버스및차량정보안내장치, 이츠, ITS-BITH40310S, 거치형/단면",6797000,대,20260601,20260601,20290117,"성능인증제품, 우수조달물품, 특허, 소기업"
20260601,R26TA0182769001,3,25071465,주식회사 이츠,주식회사 이츠,중소기업,제3자단가계약,43211514,컴퓨터키오스크,4321151403,버스및차량정보안내장치,"버스및차량정보안내장치, 이츠, ITS-BITH40206D, 거치형/양면",6807100,대,20260601,20260601,20290117,"성능인증제품, 우수조달물품, 특허, 소기업"
20260601,R26TA0182769001,30,25071451,주식회사 이츠,주식회사 이츠,중소기업,제3자단가계약,43211514,컴퓨터키오스크,4321151403,버스및차량정보안내장치,"버스및차량정보안내장치, 이츠, ITS-BITH40310S, 거치형/단면",7262000,대,20260601,20260601,20290117,"성능인증제품, 우수조달물품, 특허, 소기업"
20260601,R26TA0182769001,31,25071453,주식회사 이츠,주식회사 이츠,중소기업,제3자단가계약,43211514,컴퓨터키오스크,4321151403,버스및차량정보안내장치,"버스및차량정보안내장치, 이츠, ITS-BITH40312D, 거치형/양면",8061000,대,20260601,20260601,20290117,"성능인증제품, 우수조달물품, 특허, 소기업"
20260601,R26TA0182769001,32,25071453,주식회사 이츠,주식회사 이츠,중소기업,제3자단가계약,43211514,컴퓨터키오스크,4321151403,버스및차량정보안내장치,"버스및차량정보안내장치, 이츠, ITS-BITH40312D, 거치형/양면",8553000,대,20260601,20260601,20290117,"성능인증제품, 우수조달물품, 특허, 소기업"
20260601,R26TA0182769001,33,25071440,주식회사 이츠,주식회사 이츠,중소기업,제3자단가계약,43211514,컴퓨터키오스크,4321151403,버스및차량정보안내장치,"버스및차량정보안내장치, 이츠, ITS-BITH40312S, 거치형/단면",6933000,대,20260601,20260601,20290117,"성능인증제품, 우수조달물품, 특허, 소기업"
20260601,R26TA0182769001,34,25071440,주식회사 이츠,주식회사 이츠,중소기업,제3자단가계약,43211514,컴퓨터키오스크,4321151403,버스및차량정보안내장치,"버스및차량정보안내장치, 이츠, ITS-BITH40312S, 거치형/단면",7408000,대,20260601,20260601,20290117,"성능인증제품, 우수조달물품, 특허, 소기업"
20260601,R26TA0182769001,35,25071463,주식회사 이츠,주식회사 이츠,중소기업,제3자단가계약,43211514,컴퓨터키오스크,4321151403,버스및차량정보안내장치,"버스및차량정보안내장치, 이츠, ITS-BITN30206D, 거치형/양면",6807100,대,20260601,20260601,20290117,"성능인증제품, 우수조달물품, 특허, 소기업"
20260601,R26TA0182769001,36,25071463,주식회사 이츠,주식회사 이츠,중소기업,제3자단가계약,43211514,컴퓨터키오스크,4321151403,버스및차량정보안내장치,"버스및차량정보안내장치, 이츠, ITS-BITN30206D, 거치형/양면",7357100,대,20260601,20260601,20290117,"성능인증제품, 우수조달물품, 특허, 소기업"
20260601,R26TA0182769001,37,25071466,주식회사 이츠,주식회사 이츠,중소기업,제3자단가계약,43211514,컴퓨터키오스크,4321151403,버스및차량정보안내장치,"버스및차량정보안내장치, 이츠, ITS-BITN30206S, 거치형/단면",5748000,대,20260601,20260601,20290117,"성능인증제품, 우수조달물품, 특허, 소기업"
20260601,R26TA0182769001,38,25071466,주식회사 이츠,주식회사 이츠,중소기업,제3자단가계약,43211514,컴퓨터키오스크,4321151403,버스및차량정보안내장치,"버스및차량정보안내장치, 이츠, ITS-BITN30206S, 거치형/단면",6298000,대,20260601,20260601,20290117,"성능인증제품, 우수조달물품, 특허, 소기업"
20260601,R26TA0182769001,39,25071444,주식회사 이츠,주식회사 이츠,중소기업,제3자단가계약,43211514,컴퓨터키오스크,4321151403,버스및차량정보안내장치,"버스및차량정보안내장치, 이츠, ITS-BITN30208D, 거치형/양면",7128900,대,20260601,20260601,20290117,"성능인증제품, 우수조달물품, 특허, 소기업"
20260601,R26TA0182769001,4,25071465,주식회사 이츠,주식회사 이츠,중소기업,제3자단가계약,43211514,컴퓨터키오스크,4321151403,버스및차량정보안내장치,"버스및차량정보안내장치, 이츠, ITS-BITH40206D, 거치형/양면",7357100,대,20260601,20260601,20290117,"성능인증제품, 우수조달물품, 특허, 소기업"
20260601,R26TA0182769001,40,25071444,주식회사 이츠,주식회사 이츠,중소기업,제3자단가계약,43211514,컴퓨터키오스크,4321151403,버스및차량정보안내장치,"버스및차량정보안내장치, 이츠, ITS-BITN30208D, 거치형/양면",7678900,대,20260601,20260601,20290117,"성능인증제품, 우수조달물품, 특허, 소기업"
20260601,R26TA0182769001,41,25066790,주식회사 이츠,주식회사 이츠,중소기업,제3자단가계약,43211514,컴퓨터키오스크,4321151403,버스및차량정보안내장치,"버스및차량정보안내장치, 이츠, ITS-BITN30208S, 거치형/단면",5908900,대,20260601,20260601,20290117,"성능인증제품, 우수조달물품, 특허, 소기업"
20260601,R26TA0182769001,42,25066790,주식회사 이츠,주식회사 이츠,중소기업,제3자단가계약,43211514,컴퓨터키오스크,4321151403,버스및차량정보안내장치,"버스및차량정보안내장치, 이츠, ITS-BITN30208S, 거치형/단면",6458900,대,20260601,20260601,20290117,"성능인증제품, 우수조달물품, 특허, 소기업"
20260601,R26TA0182769001,43,25071441,주식회사 이츠,주식회사 이츠,중소기업,제3자단가계약,43211514,컴퓨터키오스크,4321151403,버스및차량정보안내장치,"버스및차량정보안내장치, 이츠, ITS-BITN30210D, 거치형/양면",7450800,대,20260601,20260601,20290117,"성능인증제품, 우수조달물품, 특허, 소기업"
20260601,R26TA0182769001,44,25071441,주식회사 이츠,주식회사 이츠,중소기업,제3자단가계약,43211514,컴퓨터키오스크,4321151403,버스및차량정보안내장치,"버스및차량정보안내장치, 이츠, ITS-BITN30210D, 거치형/양면",8000800,대,20260601,20260601,20290117,"성능인증제품, 우수조달물품, 특허, 소기업"
20260601,R26TA0182769001,45,25071455,주식회사 이츠,주식회사 이츠,중소기업,제3자단가계약,43211514,컴퓨터키오스크,4321151403,버스및차량정보안내장치,"버스및차량정보안내장치, 이츠, ITS-BITN30210S, 거치형/단면",6069800,대,20260601,20260601,20290117,"성능인증제품, 우수조달물품, 특허, 소기업"
20260601,R26TA0182769001,46,25071455,주식회사 이츠,주식회사 이츠,중소기업,제3자단가계약,43211514,컴퓨터키오스크,4321151403,버스및차량정보안내장치,"버스및차량정보안내장치, 이츠, ITS-BITN30210S, 거치형/단면",6619800,대,20260601,20260601,20290117,"성능인증제품, 우수조달물품, 특허, 소기업"
20260601,R26TA0182769001,47,25071677,주식회사 이츠,주식회사 이츠,중소기업,제3자단가계약,43211514,컴퓨터키오스크,4321151403,버스및차량정보안내장치,"버스및차량정보안내장치, 이츠, ITS-BITN30212D, 거치형/양면",7772600,대,20260601,20260601,20290117,"성능인증제품, 우수조달물품, 특허, 소기업"
20260601,R26TA0182769001,48,25071677,주식회사 이츠,주식회사 이츠,중소기업,제3자단가계약,43211514,컴퓨터키오스크,4321151403,버스및차량정보안내장치,"버스및차량정보안내장치, 이츠, ITS-BITN30212D, 거치형/양면",8322600,대,20260601,20260601,20290117,"성능인증제품, 우수조달물품, 특허, 소기업"
20260601,R26TA0182769001,49,25071678,주식회사 이츠,주식회사 이츠,중소기업,제3자단가계약,43211514,컴퓨터키오스크,4321151403,버스및차량정보안내장치,"버스및차량정보안내장치, 이츠, ITS-BITN30212S, 거치형/단면",6230800,대,20260601,20260601,20290117,"성능인증제품, 우수조달물품, 특허, 소기업"
20260601,R26TA0182769001,5,25071459,주식회사 이츠,주식회사 이츠,중소기업,제3자단가계약,43211514,컴퓨터키오스크,4321151403,버스및차량정보안내장치,"버스및차량정보안내장치, 이츠, ITS-BITH40206S, 거치형/단면",5748000,대,20260601,20260601,20290117,"성능인증제품, 우수조달물품, 특허, 소기업"
20260601,R26TA0182769001,50,25071678,주식회사 이츠,주식회사 이츠,중소기업,제3자단가계약,43211514,컴퓨터키오스크,4321151403,버스및차량정보안내장치,"버스및차량정보안내장치, 이츠, ITS-BITN30212S, 거치형/단면",6780800,대,20260601,20260601,20290117,"성능인증제품, 우수조달물품, 특허, 소기업"
20260601,R26TA0182769001,51,25071679,주식회사 이츠,주식회사 이츠,중소기업,제3자단가계약,43211514,컴퓨터키오스크,4321151403,버스및차량정보안내장치,"버스및차량정보안내장치, 이츠, ITS-BITN30214D, 거치형/양면",8094400,대,20260601,20260601,20290117,"성능인증제품, 우수조달물품, 특허, 소기업"
20260601,R26TA0182769001,52,25071679,주식회사 이츠,주식회사 이츠,중소기업,제3자단가계약,43211514,컴퓨터키오스크,4321151403,버스및차량정보안내장치,"버스및차량정보안내장치, 이츠, ITS-BITN30214D, 거치형/양면",8644400,대,20260601,20260601,20290117,"성능인증제품, 우수조달물품, 특허, 소기업"
20260601,R26TA0182769001,53,25071674,주식회사 이츠,주식회사 이츠,중소기업,제3자단가계약,43211514,컴퓨터키오스크,4321151403,버스및차량정보안내장치,"버스및차량정보안내장치, 이츠, ITS-BITN30214S, 거치형/단면",6391700,대,20260601,20260601,20290117,"성능인증제품, 우수조달물품, 특허, 소기업"
20260601,R26TA0182769001,54,25071674,주식회사 이츠,주식회사 이츠,중소기업,제3자단가계약,43211514,컴퓨터키오스크,4321151403,버스및차량정보안내장치,"버스및차량정보안내장치, 이츠, ITS-BITN30214S, 거치형/단면",6941700,대,20260601,20260601,20290117,"성능인증제품, 우수조달물품, 특허, 소기업"
20260601,R26TA0182769001,55,25071435,주식회사 이츠,주식회사 이츠,중소기업,제3자단가계약,43211514,컴퓨터키오스크,4321151403,버스및차량정보안내장치,"버스및차량정보안내장치, 이츠, ITS-BITN30306D, 거치형/양면",7289800,대,20260601,20260601,20290117,"성능인증제품, 우수조달물품, 특허, 소기업"
20260601,R26TA0182769001,56,25071435,주식회사 이츠,주식회사 이츠,중소기업,제3자단가계약,43211514,컴퓨터키오스크,4321151403,버스및차량정보안내장치,"버스및차량정보안내장치, 이츠, ITS-BITN30306D, 거치형/양면",7839800,대,20260601,20260601,20290117,"성능인증제품, 우수조달물품, 특허, 소기업"
20260601,R26TA0182769001,57,25071446,주식회사 이츠,주식회사 이츠,중소기업,제3자단가계약,43211514,컴퓨터키오스크,4321151403,버스및차량정보안내장치,"버스및차량정보안내장치, 이츠, ITS-BITN30306S, 거치형/단면",5989400,대,20260601,20260601,20290117,"성능인증제품, 우수조달물품, 특허, 소기업"
20260601,R26TA0182769001,58,25071446,주식회사 이츠,주식회사 이츠,중소기업,제3자단가계약,43211514,컴퓨터키오스크,4321151403,버스및차량정보안내장치,"버스및차량정보안내장치, 이츠, ITS-BITN30306S, 거치형/단면",6539400,대,20260601,20260601,20290117,"성능인증제품, 우수조달물품, 특허, 소기업"
20260601,R26TA0182769001,59,25071445,주식회사 이츠,주식회사 이츠,중소기업,제3자단가계약,43211514,컴퓨터키오스크,4321151403,버스및차량정보안내장치,"버스및차량정보안내장치, 이츠, ITS-BITN30308D, 거치형/양면",7772600,대,20260601,20260601,20290117,"성능인증제품, 우수조달물품, 특허, 소기업"
20260601,R26TA0182769001,6,25071459,주식회사 이츠,주식회사 이츠,중소기업,제3자단가계약,43211514,컴퓨터키오스크,4321151403,버스및차량정보안내장치,"버스및차량정보안내장치, 이츠, ITS-BITH40206S, 거치형/단면",6298000,대,20260601,20260601,20290117,"성능인증제품, 우수조달물품, 특허, 소기업"
20260601,R26TA0182769001,60,25071445,주식회사 이츠,주식회사 이츠,중소기업,제3자단가계약,43211514,컴퓨터키오스크,4321151403,버스및차량정보안내장치,"버스및차량정보안내장치, 이츠, ITS-BITN30308D, 거치형/양면",8322600,대,20260601,20260601,20290117,"성능인증제품, 우수조달물품, 특허, 소기업"
20260601,R26TA0182769001,61,25071442,주식회사 이츠,주식회사 이츠,중소기업,제3자단가계약,43211514,컴퓨터키오스크,4321151403,버스및차량정보안내장치,"버스및차량정보안내장치, 이츠, ITS-BITN30308S, 거치형/단면",6230800,대,20260601,20260601,20290117,"성능인증제품, 우수조달물품, 특허, 소기업"
20260601,R26TA0182769001,62,25071442,주식회사 이츠,주식회사 이츠,중소기업,제3자단가계약,43211514,컴퓨터키오스크,4321151403,버스및차량정보안내장치,"버스및차량정보안내장치, 이츠, ITS-BITN30308S, 거치형/단면",6780800,대,20260601,20260601,20290117,"성능인증제품, 우수조달물품, 특허, 소기업"
20260601,R26TA0182769001,63,25071468,주식회사 이츠,주식회사 이츠,중소기업,제3자단가계약,43211514,컴퓨터키오스크,4321151403,버스및차량정보안내장치,"버스및차량정보안내장치, 이츠, ITS-BITN30310D, 거치형/양면",8255400,대,20260601,20260601,20290117,"성능인증제품, 우수조달물품, 특허, 소기업"
20260601,R26TA0182769001,64,25071468,주식회사 이츠,주식회사 이츠,중소기업,제3자단가계약,43211514,컴퓨터키오스크,4321151403,버스및차량정보안내장치,"버스및차량정보안내장치, 이츠, ITS-BITN30310D, 거치형/양면",8805400,대,20260601,20260601,20290117,"성능인증제품, 우수조달물품, 특허, 소기업"
20260601,R26TA0182769001,65,25071454,주식회사 이츠,주식회사 이츠,중소기업,제3자단가계약,43211514,컴퓨터키오스크,4321151403,버스및차량정보안내장치,"버스및차량정보안내장치, 이츠, ITS-BITN30310S, 거치형/단면",6472100,대,20260601,20260601,20290117,"성능인증제품, 우수조달물품, 특허, 소기업"
20260601,R26TA0182769001,66,25071454,주식회사 이츠,주식회사 이츠,중소기업,제3자단가계약,43211514,컴퓨터키오스크,4321151403,버스및차량정보안내장치,"버스및차량정보안내장치, 이츠, ITS-BITN30310S, 거치형/단면",7022100,대,20260601,20260601,20290117,"성능인증제품, 우수조달물품, 특허, 소기업"
20260601,R26TA0182769001,67,25071447,주식회사 이츠,주식회사 이츠,중소기업,제3자단가계약,43211514,컴퓨터키오스크,4321151403,버스및차량정보안내장치,"버스및차량정보안내장치, 이츠, ITS-BITN30312D, 거치형/양면",8681000,대,20260601,20260601,20290117,"성능인증제품, 우수조달물품, 특허, 소기업"
20260601,R26TA0182769001,68,25071447,주식회사 이츠,주식회사 이츠,중소기업,제3자단가계약,43211514,컴퓨터키오스크,4321151403,버스및차량정보안내장치,"버스및차량정보안내장치, 이츠, ITS-BITN30312D, 거치형/양면",9231000,대,20260601,20260601,20290117,"성능인증제품, 우수조달물품, 특허, 소기업"
20260601,R26TA0182769001,69,25071457,주식회사 이츠,주식회사 이츠,중소기업,제3자단가계약,43211514,컴퓨터키오스크,4321151403,버스및차량정보안내장치,"버스및차량정보안내장치, 이츠, ITS-BITN30312S, 거치형/단면",7450000,대,20260601,20260601,20290117,"성능인증제품, 우수조달물품, 특허, 소기업"
20260601,R26TA0182769001,7,25071439,주식회사 이츠,주식회사 이츠,중소기업,제3자단가계약,43211514,컴퓨터키오스크,4321151403,버스및차량정보안내장치,"버스및차량정보안내장치, 이츠, ITS-BITH40208D, 거치형/양면",7128900,대,20260601,20260601,20290117,"성능인증제품, 우수조달물품, 특허, 소기업"
20260601,R26TA0182769001,70,25071457,주식회사 이츠,주식회사 이츠,중소기업,제3자단가계약,43211514,컴퓨터키오스크,4321151403,버스및차량정보안내장치,"버스및차량정보안내장치, 이츠, ITS-BITN30312S, 거치형/단면",8000000,대,20260601,20260601,20290117,"성능인증제품, 우수조달물품, 특허, 소기업"
20260601,R26TA0182769001,71,25071467,주식회사 이츠,주식회사 이츠,중소기업,제3자단가계약,43211514,컴퓨터키오스크,4321151403,버스및차량정보안내장치,"버스및차량정보안내장치, 이츠, ITS-BITN30314D, 거치형/양면",8504000,대,20260601,20260601,20290117,"성능인증제품, 우수조달물품, 특허, 소기업"
20260601,R26TA0182769001,72,25071467,주식회사 이츠,주식회사 이츠,중소기업,제3자단가계약,43211514,컴퓨터키오스크,4321151403,버스및차량정보안내장치,"버스및차량정보안내장치, 이츠, ITS-BITN30314D, 거치형/양면",9054000,대,20260601,20260601,20290117,"성능인증제품, 우수조달물품, 특허, 소기업"
20260601,R26TA0182769001,73,25071432,주식회사 이츠,주식회사 이츠,중소기업,제3자단가계약,43211514,컴퓨터키오스크,4321151403,버스및차량정보안내장치,"버스및차량정보안내장치, 이츠, ITS-BITN30406D, 거치형/양면",7772600,대,20260601,20260601,20290117,"성능인증제품, 우수조달물품, 특허, 소기업"
20260601,R26TA0182769001,74,25071432,주식회사 이츠,주식회사 이츠,중소기업,제3자단가계약,43211514,컴퓨터키오스크,4321151403,버스및차량정보안내장치,"버스및차량정보안내장치, 이츠, ITS-BITN30406D, 거치형/양면",8322600,대,20260601,20260601,20290117,"성능인증제품, 우수조달물품, 특허, 소기업"
20260601,R26TA0182769001,75,25071434,주식회사 이츠,주식회사 이츠,중소기업,제3자단가계약,43211514,컴퓨터키오스크,4321151403,버스및차량정보안내장치,"버스및차량정보안내장치, 이츠, ITS-BITN30406S, 거치형/단면",6230800,대,20260601,20260601,20290117,"성능인증제품, 우수조달물품, 특허, 소기업"
20260601,R26TA0182769001,76,25071434,주식회사 이츠,주식회사 이츠,중소기업,제3자단가계약,43211514,컴퓨터키오스크,4321151403,버스및차량정보안내장치,"버스및차량정보안내장치, 이츠, ITS-BITN30406S, 거치형/단면",6780800,대,20260601,20260601,20290117,"성능인증제품, 우수조달물품, 특허, 소기업"
20260601,R26TA0182769001,77,25071433,주식회사 이츠,주식회사 이츠,중소기업,제3자단가계약,43211514,컴퓨터키오스크,4321151403,버스및차량정보안내장치,"버스및차량정보안내장치, 이츠, ITS-BITN30408D, 거치형/양면",8416300,대,20260601,20260601,20290117,"성능인증제품, 우수조달물품, 특허, 소기업"
20260601,R26TA0182769001,78,25071433,주식회사 이츠,주식회사 이츠,중소기업,제3자단가계약,43211514,컴퓨터키오스크,4321151403,버스및차량정보안내장치,"버스및차량정보안내장치, 이츠, ITS-BITN30408D, 거치형/양면",8966300,대,20260601,20260601,20290117,"성능인증제품, 우수조달물품, 특허, 소기업"
20260601,R26TA0182769001,79,25071669,주식회사 이츠,주식회사 이츠,중소기업,제3자단가계약,43211514,컴퓨터키오스크,4321151403,버스및차량정보안내장치,"버스및차량정보안내장치, 이츠, ITS-BITN30408S, 거치형/단면",6552600,대,20260601,20260601,20290117,"성능인증제품, 우수조달물품, 특허, 소기업"
20260601,R26TA0182769001,8,25071439,주식회사 이츠,주식회사 이츠,중소기업,제3자단가계약,43211514,컴퓨터키오스크,4321151403,버스및차량정보안내장치,"버스및차량정보안내장치, 이츠, ITS-BITH40208D, 거치형/양면",7678900,대,20260601,20260601,20290117,"성능인증제품, 우수조달물품, 특허, 소기업"
20260601,R26TA0182769001,80,25071669,주식회사 이츠,주식회사 이츠,중소기업,제3자단가계약,43211514,컴퓨터키오스크,4321151403,버스및차량정보안내장치,"버스및차량정보안내장치, 이츠, ITS-BITN30408S, 거치형/단면",7102600,대,20260601,20260601,20290117,"성능인증제품, 우수조달물품, 특허, 소기업"
20260601,R26TA0182769001,81,25071448,주식회사 이츠,주식회사 이츠,중소기업,제3자단가계약,43211514,컴퓨터키오스크,4321151403,버스및차량정보안내장치,"버스및차량정보안내장치, 이츠, ITS-BITN30410D, 거치형/양면",9060000,대,20260601,20260601,20290117,"성능인증제품, 우수조달물품, 특허, 소기업"
20260601,R26TA0182769001,82,25071448,주식회사 이츠,주식회사 이츠,중소기업,제3자단가계약,43211514,컴퓨터키오스크,4321151403,버스및차량정보안내장치,"버스및차량정보안내장치, 이츠, ITS-BITN30410D, 거치형/양면",9610000,대,20260601,20260601,20290117,"성능인증제품, 우수조달물품, 특허, 소기업"
20260601,R26TA0182769001,83,25071458,주식회사 이츠,주식회사 이츠,중소기업,제3자단가계약,43211514,컴퓨터키오스크,4321151403,버스및차량정보안내장치,"버스및차량정보안내장치, 이츠, ITS-BITN30410S, 거치형/단면",6874400,대,20260601,20260601,20290117,"성능인증제품, 우수조달물품, 특허, 소기업"
20260601,R26TA0182769001,84,25071458,주식회사 이츠,주식회사 이츠,중소기업,제3자단가계약,43211514,컴퓨터키오스크,4321151403,버스및차량정보안내장치,"버스및차량정보안내장치, 이츠, ITS-BITN30410S, 거치형/단면",7424400,대,20260601,20260601,20290117,"성능인증제품, 우수조달물품, 특허, 소기업"
20260601,R26TA0182769001,85,25071450,주식회사 이츠,주식회사 이츠,중소기업,제3자단가계약,43211514,컴퓨터키오스크,4321151403,버스및차량정보안내장치,"버스및차량정보안내장치, 이츠, ITS-BITN30412D, 거치형/양면",8490000,대,20260601,20260601,20290117,"성능인증제품, 우수조달물품, 특허, 소기업"
20260601,R26TA0182769001,86,25071450,주식회사 이츠,주식회사 이츠,중소기업,제3자단가계약,43211514,컴퓨터키오스크,4321151403,버스및차량정보안내장치,"버스및차량정보안내장치, 이츠, ITS-BITN30412D, 거치형/양면",9190000,대,20260601,20260601,20290117,"성능인증제품, 우수조달물품, 특허, 소기업"
20260601,R26TA0182769001,87,25071670,주식회사 이츠,주식회사 이츠,중소기업,제3자단가계약,43211514,컴퓨터키오스크,4321151403,버스및차량정보안내장치,"버스및차량정보안내장치, 이츠, ITS-BITN30412S, 거치형/단면",7147000,대,20260601,20260601,20290117,"성능인증제품, 우수조달물품, 특허, 소기업"
20260601,R26TA0182769001,88,25071670,주식회사 이츠,주식회사 이츠,중소기업,제3자단가계약,43211514,컴퓨터키오스크,4321151403,버스및차량정보안내장치,"버스및차량정보안내장치, 이츠, ITS-BITN30412S, 거치형/단면",7807000,대,20260601,20260601,20290117,"성능인증제품, 우수조달물품, 특허, 소기업"
20260601,R26TA0182769001,89,25071443,주식회사 이츠,주식회사 이츠,중소기업,제3자단가계약,43211514,컴퓨터키오스크,4321151403,버스및차량정보안내장치,"버스및차량정보안내장치, 이츠, ITS-BITN30414D, 거치형/양면",8918000,대,20260601,20260601,20290117,"성능인증제품, 우수조달물품, 특허, 소기업"
20260601,R26TA0182769001,9,25071438,주식회사 이츠,주식회사 이츠,중소기업,제3자단가계약,43211514,컴퓨터키오스크,4321151403,버스및차량정보안내장치,"버스및차량정보안내장치, 이츠, ITS-BITH40208S, 거치형/단면",6456000,대,20260601,20260601,20290117,"성능인증제품, 우수조달물품, 특허, 소기업"
20260601,R26TA0182769001,90,25071443,주식회사 이츠,주식회사 이츠,중소기업,제3자단가계약,43211514,컴퓨터키오스크,4321151403,버스및차량정보안내장치,"버스및차량정보안내장치, 이츠, ITS-BITN30414D, 거치형/양면",9549000,대,20260601,20260601,20290117,"성능인증제품, 우수조달물품, 특허, 소기업"
20260601,R26TA0182769001,91,25071462,주식회사 이츠,주식회사 이츠,중소기업,제3자단가계약,43211514,컴퓨터키오스크,4321151403,버스및차량정보안내장치,"버스및차량정보안내장치, 이츠, ITS-BITN30414S, 거치형/단면",7362000,대,20260601,20260601,20290117,"성능인증제품, 우수조달물품, 특허, 소기업"
20260601,R26TA0182769001,92,25071462,주식회사 이츠,주식회사 이츠,중소기업,제3자단가계약,43211514,컴퓨터키오스크,4321151403,버스및차량정보안내장치,"버스및차량정보안내장치, 이츠, ITS-BITN30414S, 거치형/단면",7948000,대,20260601,20260601,20290117,"성능인증제품, 우수조달물품, 특허, 소기업"
20260714,002061436_113,10,25202556,(주)에니텍시스,(주)에니텍시스,중소기업,제3자단가계약,43211514,컴퓨터키오스크,4321151401,증명발급기,"증명발급기, 에니텍시스, IS-2000L, 통합민원발급기",7800000,대,20260714,20260714,20260716,"특허, G-PASS기업, G-PASS기업(B등급)"
20260714,002061436_113,11,26001855,(주)에니텍시스,(주)에니텍시스,중소기업,제3자단가계약,43211514,컴퓨터키오스크,4321151401,증명발급기,"증명발급기, 에니텍시스, AT-C300, 통합무인발급기/시청각장애인겸용",23000000,대,20260714,20260714,20260716,"특허, G-PASS기업, G-PASS기업(B등급)"
20260714,002061436_113,5,24362788,(주)에니텍시스,(주)에니텍시스,중소기업,제3자단가계약,43211514,컴퓨터키오스크,4321151401,증명발급기,"증명발급기, 에니텍시스, AT-K200(NEW), 무인민원발급기/시청각장애인겸용",19850000,대,20260714,20260714,20260716,"특허, G-PASS기업, G-PASS기업(B등급)"
20260714,002061436_113,6,24362787,(주)에니텍시스,(주)에니텍시스,중소기업,제3자단가계약,43211514,컴퓨터키오스크,4321151401,증명발급기,"증명발급기, 에니텍시스, AT-K200E(NEW), 무인민원발급기/시청각장애인겸용",23850000,대,20260714,20260714,20260716,"특허, G-PASS기업, G-PASS기업(B등급)"
20260714,002061436_113,7,24362785,(주)에니텍시스,(주)에니텍시스,중소기업,제3자단가계약,43211514,컴퓨터키오스크,4321151401,증명발급기,"증명발급기, 에니텍시스, AT-K300, 무인민원발급기/시청각장애인겸용",21800000,대,20260714,20260714,20260716,"특허, G-PASS기업, G-PASS기업(B등급)"
20260714,002061436_113,8,24362786,(주)에니텍시스,(주)에니텍시스,중소기업,제3자단가계약,43211514,컴퓨터키오스크,4321151401,증명발급기,"증명발급기, 에니텍시스, AT-K300E, 무인민원발급기/시청각장애인겸용",24800000,대,20260714,20260714,20260716,"특허, G-PASS기업, G-PASS기업(B등급)"
20260714,002061436_113,9,25202555,(주)에니텍시스,(주)에니텍시스,중소기업,제3자단가계약,43211514,컴퓨터키오스크,4321151401,증명발급기,"증명발급기, 에니텍시스, IS-2000M, 통합민원발급기",8500000,대,20260714,20260714,20260716,"특허, G-PASS기업, G-PASS기업(B등급)"
20260716,002061436_114,10,25202556,(주)에니텍시스,(주)에니텍시스,중소기업,제3자단가계약,43211514,컴퓨터키오스크,4321151401,증명발급기,"증명발급기, 에니텍시스, IS-2000L, 통합민원발급기",7800000,대,20260716,20260716,20270630,"특허, G-PASS기업, G-PASS기업(B등급)"
20260716,002061436_114,11,26001855,(주)에니텍시스,(주)에니텍시스,중소기업,제3자단가계약,43211514,컴퓨터키오스크,4321151401,증명발급기,"증명발급기, 에니텍시스, AT-C300, 통합무인발급기/시청각장애인겸용",23000000,대,20260716,20260716,20270630,"특허, G-PASS기업, G-PASS기업(B등급)"
20260716,002061436_114,5,24362788,(주)에니텍시스,(주)에니텍시스,중소기업,제3자단가계약,43211514,컴퓨터키오스크,4321151401,증명발급기,"증명발급기, 에니텍시스, AT-K200(NEW), 무인민원발급기/시청각장애인겸용",19850000,대,20260716,20260716,20270630,"특허, G-PASS기업, G-PASS기업(B등급)"
20260716,002061436_114,6,24362787,(주)에니텍시스,(주)에니텍시스,중소기업,제3자단가계약,43211514,컴퓨터키오스크,4321151401,증명발급기,"증명발급기, 에니텍시스, AT-K200E(NEW), 무인민원발급기/시청각장애인겸용",23850000,대,20260716,20260716,20270630,"특허, G-PASS기업, G-PASS기업(B등급)"
20260716,002061436_114,7,24362785,(주)에니텍시스,(주)에니텍시스,중소기업,제3자단가계약,43211514,컴퓨터키오스크,4321151401,증명발급기,"증명발급기, 에니텍시스, AT-K300, 무인민원발급기/시청각장애인겸용",21800000,대,20260716,20260716,20270630,"특허, G-PASS기업, G-PASS기업(B등급)"
20260716,002061436_114,8,24362786,(주)에니텍시스,(주)에니텍시스,중소기업,제3자단가계약,43211514,컴퓨터키오스크,4321151401,증명발급기,"증명발급기, 에니텍시스, AT-K300E, 무인민원발급기/시청각장애인겸용",24800000,대,20260716,20260716,20270630,"특허, G-PASS기업, G-PASS기업(B등급)"
20260716,002061436_114,9,25202555,(주)에니텍시스,(주)에니텍시스,중소기업,제3자단가계약,43211514,컴퓨터키오스크,4321151401,증명발급기,"증명발급기, 에니텍시스, IS-2000M, 통합민원발급기",8500000,대,20260716,20260716,20270630,"특허, G-PASS기업, G-PASS기업(B등급)"
20260716,002061437_113,10,24297224,한국타피(주),한국타피(주),중소기업,제3자단가계약,43211514,컴퓨터키오스크,4321151401,증명발급기,"증명발급기, 한국타피, TAPI-9240S, 무인민원발급기/시청각장애인겸용",24300000,대,20260716,20260716,20270630,"특허, G-PASS기업, 가족친화인증기업, 일·생활균형우수기업, G-PASS기업(B등급)"
20260716,002061437_113,11,26001990,한국타피(주),한국타피(주),중소기업,제3자단가계약,43211514,컴퓨터키오스크,4321151401,증명발급기,"증명발급기, 한국타피, TAPI-9320D, 통합무인발급기/시청각장애인겸용",23000000,대,20260716,20260716,20270630,"G-PASS기업, 가족친화인증기업, 일·생활균형우수기업, G-PASS기업(B등급)"
20260716,002061437_113,4,23893188,한국타피(주),한국타피(주),중소기업,제3자단가계약,43211514,컴퓨터키오스크,4321151401,증명발급기,"증명발급기, 한국타피, TA-2200S(NEW), 통합민원발급기",7600000,대,20260716,20260716,20270630,"G-PASS기업, 가족친화인증기업, 일·생활균형우수기업, G-PASS기업(B등급)"
20260716,002061437_113,6,24292472,한국타피(주),한국타피(주),중소기업,제3자단가계약,43211514,컴퓨터키오스크,4321151401,증명발급기,"증명발급기, 한국타피, TAPI-9270T, 무인민원발급기/시청각장애인겸용",19800000,대,20260716,20260716,20270630,"특허, G-PASS기업, 가족친화인증기업, 일·생활균형우수기업, G-PASS기업(B등급)"
20260716,002061437_113,7,24292471,한국타피(주),한국타피(주),중소기업,제3자단가계약,43211514,컴퓨터키오스크,4321151401,증명발급기,"증명발급기, 한국타피, TAPI-9270J, 무인민원발급기/시청각장애인겸용",23800000,대,20260716,20260716,20270630,"특허, G-PASS기업, 가족친화인증기업, 일·생활균형우수기업, G-PASS기업(B등급)"
20260716,002061437_113,8,24292470,한국타피(주),한국타피(주),중소기업,제3자단가계약,43211514,컴퓨터키오스크,4321151401,증명발급기,"증명발급기, 한국타피, TAPI-9320T, 무인민원발급기/시청각장애인겸용",21800000,대,20260716,20260716,20270630,"특허, G-PASS기업, 가족친화인증기업, 일·생활균형우수기업, G-PASS기업(B등급)"
20260716,002061437_113,9,24292469,한국타피(주),한국타피(주),중소기업,제3자단가계약,43211514,컴퓨터키오스크,4321151401,증명발급기,"증명발급기, 한국타피, TAPI-9320J, 무인민원발급기/시청각장애인겸용",24800000,대,20260716,20260716,20270630,"특허, G-PASS기업, 가족친화인증기업, 일·생활균형우수기업, G-PASS기업(B등급)"
20260727,002470164_103,1,24064111,주식회사 싸인텔레콤,주식회사 싸인텔레콤,중소기업,제3자단가계약,43211514,컴퓨터키오스크,4321151403,버스및차량정보안내장치,"버스및차량정보안내장치, 싸인텔레콤, SMARTVISION-PLUS-BIS-US64, 거치형",8493000,대,20260724,20260724,20270125,"NEP, 우수조달물품"
20260727,002470164_103,10,25233046,주식회사 싸인텔레콤,주식회사 싸인텔레콤,중소기업,제3자단가계약,43211514,컴퓨터키오스크,4321151403,버스및차량정보안내장치,"버스및차량정보안내장치, 싸인텔레콤, ST-64LED-MY, 독립형",6835000,대,20260724,20260724,20270125,우수조달물품
20260727,002470164_103,11,25233047,주식회사 싸인텔레콤,주식회사 싸인텔레콤,중소기업,제3자단가계약,43211514,컴퓨터키오스크,4321151403,버스및차량정보안내장치,"버스및차량정보안내장치, 싸인텔레콤, ST-BIS0412, 거치형",7150000,대,20260724,20260724,20270125,우수조달물품
20260727,002470164_103,12,25233048,주식회사 싸인텔레콤,주식회사 싸인텔레콤,중소기업,제3자단가계약,43211514,컴퓨터키오스크,4321151403,버스및차량정보안내장치,"버스및차량정보안내장치, 싸인텔레콤, ST-BIS0412-01, 거치형",8493000,대,20260724,20260724,20270125,우수조달물품
20260727,002470164_103,13,25240950,주식회사 싸인텔레콤,주식회사 싸인텔레콤,중소기업,제3자단가계약,43211514,컴퓨터키오스크,4321151403,버스및차량정보안내장치,"버스및차량정보안내장치, 싸인텔레콤, ST-BIT-0308, 거치형",6738000,대,20260724,20260724,20270125,우수조달물품
20260727,002470164_103,14,24064111,주식회사 싸인텔레콤,주식회사 싸인텔레콤,중소기업,제3자단가계약,43211514,컴퓨터키오스크,4321151403,버스및차량정보안내장치,"버스및차량정보안내장치, 싸인텔레콤, SMARTVISION-PLUS-BIS-US64, 거치형",8984000,대,20260724,20260724,20270125,"NEP, 우수조달물품"
20260727,002470164_103,15,25233038,주식회사 싸인텔레콤,주식회사 싸인텔레콤,중소기업,제3자단가계약,43211514,컴퓨터키오스크,4321151403,버스및차량정보안내장치,"버스및차량정보안내장치, 싸인텔레콤, ST-LED-BIT, 거치형",7840000,대,20260724,20260724,20270125,우수조달물품
20260727,002470164_103,16,25233039,주식회사 싸인텔레콤,주식회사 싸인텔레콤,중소기업,제3자단가계약,43211514,컴퓨터키오스크,4321151403,버스및차량정보안내장치,"버스및차량정보안내장치, 싸인텔레콤, ST-LED-BIT-01, 거치형",9414000,대,20260724,20260724,20270125,우수조달물품
20260727,002470164_103,17,25233040,주식회사 싸인텔레콤,주식회사 싸인텔레콤,중소기업,제3자단가계약,43211514,컴퓨터키오스크,4321151403,버스및차량정보안내장치,"버스및차량정보안내장치, 싸인텔레콤, ST-BIT-0312, 거치형",7411000,대,20260724,20260724,20270125,우수조달물품
20260727,002470164_103,18,25233041,주식회사 싸인텔레콤,주식회사 싸인텔레콤,중소기업,제3자단가계약,43211514,컴퓨터키오스크,4321151403,버스및차량정보안내장치,"버스및차량정보안내장치, 싸인텔레콤, ST-BIT-0312-01, 거치형",8556000,대,20260724,20260724,20270125,우수조달물품
20260727,002470164_103,19,25233042,주식회사 싸인텔레콤,주식회사 싸인텔레콤,중소기업,제3자단가계약,43211514,컴퓨터키오스크,4321151403,버스및차량정보안내장치,"버스및차량정보안내장치, 싸인텔레콤, ST-BIT-0406, 독립형",8672000,대,20260724,20260724,20270125,우수조달물품
20260727,002470164_103,2,25233038,주식회사 싸인텔레콤,주식회사 싸인텔레콤,중소기업,제3자단가계약,43211514,컴퓨터키오스크,4321151403,버스및차량정보안내장치,"버스및차량정보안내장치, 싸인텔레콤, ST-LED-BIT, 거치형",7365000,대,20260724,20260724,20270125,우수조달물품
20260727,002470164_103,20,25233043,주식회사 싸인텔레콤,주식회사 싸인텔레콤,중소기업,제3자단가계약,43211514,컴퓨터키오스크,4321151403,버스및차량정보안내장치,"버스및차량정보안내장치, 싸인텔레콤, ST-HS4X12S, 거치형",7624000,대,20260724,20260724,20270125,우수조달물품
20260727,002470164_103,21,25233044,주식회사 싸인텔레콤,주식회사 싸인텔레콤,중소기업,제3자단가계약,43211514,컴퓨터키오스크,4321151403,버스및차량정보안내장치,"버스및차량정보안내장치, 싸인텔레콤, ST-BIT-480414, 거치형",7951000,대,20260724,20260724,20270125,우수조달물품
20260727,002470164_103,22,25233045,주식회사 싸인텔레콤,주식회사 싸인텔레콤,중소기업,제3자단가계약,43211514,컴퓨터키오스크,4321151403,버스및차량정보안내장치,"버스및차량정보안내장치, 싸인텔레콤, ST-BIT-480414-01, 거치형",9552000,대,20260724,20260724,20270125,우수조달물품
20260727,002470164_103,23,25233046,주식회사 싸인텔레콤,주식회사 싸인텔레콤,중소기업,제3자단가계약,43211514,컴퓨터키오스크,4321151403,버스및차량정보안내장치,"버스및차량정보안내장치, 싸인텔레콤, ST-64LED-MY, 독립형",7167000,대,20260724,20260724,20270125,우수조달물품
20260727,002470164_103,24,25233047,주식회사 싸인텔레콤,주식회사 싸인텔레콤,중소기업,제3자단가계약,43211514,컴퓨터키오스크,4321151403,버스및차량정보안내장치,"버스및차량정보안내장치, 싸인텔레콤, ST-BIS0412, 거치형",7810000,대,20260724,20260724,20270125,우수조달물품
20260727,002470164_103,25,25233048,주식회사 싸인텔레콤,주식회사 싸인텔레콤,중소기업,제3자단가계약,43211514,컴퓨터키오스크,4321151403,버스및차량정보안내장치,"버스및차량정보안내장치, 싸인텔레콤, ST-BIS0412-01, 거치형",9193000,대,20260724,20260724,20270125,우수조달물품
20260727,002470164_103,26,25240950,주식회사 싸인텔레콤,주식회사 싸인텔레콤,중소기업,제3자단가계약,43211514,컴퓨터키오스크,4321151403,버스및차량정보안내장치,"버스및차량정보안내장치, 싸인텔레콤, ST-BIT-0308, 거치형",7003000,대,20260724,20260724,20270125,우수조달물품
20260727,002470164_103,27,25526003,주식회사 싸인텔레콤,주식회사 싸인텔레콤,중소기업,제3자단가계약,43211514,컴퓨터키오스크,4321151403,버스및차량정보안내장치,"버스및차량정보안내장치, 싸인텔레콤, ST-BIT-0310-01, 거치형/단면",6800000,대,20260724,20260724,20270125,우수조달물품
20260727,002470164_103,28,25526003,주식회사 싸인텔레콤,주식회사 싸인텔레콤,중소기업,제3자단가계약,43211514,컴퓨터키오스크,4321151403,버스및차량정보안내장치,"버스및차량정보안내장치, 싸인텔레콤, ST-BIT-0310-01, 거치형/단면",7265000,대,20260724,20260724,20270125,우수조달물품
20260727,002470164_103,29,25526005,주식회사 싸인텔레콤,주식회사 싸인텔레콤,중소기업,제3자단가계약,43211514,컴퓨터키오스크,4321151403,버스및차량정보안내장치,"버스및차량정보안내장치, 싸인텔레콤, ST-BIT-0310-02, 거치형/양면",7650000,대,20260724,20260724,20270125,우수조달물품
20260727,002470164_103,3,25233039,주식회사 싸인텔레콤,주식회사 싸인텔레콤,중소기업,제3자단가계약,43211514,컴퓨터키오스크,4321151403,버스및차량정보안내장치,"버스및차량정보안내장치, 싸인텔레콤, ST-LED-BIT-01, 거치형",8921000,대,20260724,20260724,20270125,우수조달물품
20260727,002470164_103,30,25526005,주식회사 싸인텔레콤,주식회사 싸인텔레콤,중소기업,제3자단가계약,43211514,컴퓨터키오스크,4321151403,버스및차량정보안내장치,"버스및차량정보안내장치, 싸인텔레콤, ST-BIT-0310-02, 거치형/양면",8115000,대,20260724,20260724,20270125,우수조달물품
20260727,002470164_103,31,26053047,주식회사 싸인텔레콤,주식회사 싸인텔레콤,중소기업,제3자단가계약,43211514,컴퓨터키오스크,4321151403,버스및차량정보안내장치,"버스및차량정보안내장치, 싸인텔레콤, SMARTVISION-PLUS-BIS-LEDLCD-HY, 독립형/단면",8950000,대,20260724,20260724,20270125,우수조달물품
20260727,002470164_103,32,26053047,주식회사 싸인텔레콤,주식회사 싸인텔레콤,중소기업,제3자단가계약,43211514,컴퓨터키오스크,4321151403,버스및차량정보안내장치,"버스및차량정보안내장치, 싸인텔레콤, SMARTVISION-PLUS-BIS-LEDLCD-HY, 독립형/단면",9470000,대,20260724,20260724,20270125,우수조달물품
20260727,002470164_103,4,25233040,주식회사 싸인텔레콤,주식회사 싸인텔레콤,중소기업,제3자단가계약,43211514,컴퓨터키오스크,4321151403,버스및차량정보안내장치,"버스및차량정보안내장치, 싸인텔레콤, ST-BIT-0312, 거치형",6936000,대,20260724,20260724,20270125,우수조달물품
20260727,002470164_103,5,25233041,주식회사 싸인텔레콤,주식회사 싸인텔레콤,중소기업,제3자단가계약,43211514,컴퓨터키오스크,4321151403,버스및차량정보안내장치,"버스및차량정보안내장치, 싸인텔레콤, ST-BIT-0312-01, 거치형",8064000,대,20260724,20260724,20270125,우수조달물품
20260727,002470164_103,6,25233042,주식회사 싸인텔레콤,주식회사 싸인텔레콤,중소기업,제3자단가계약,43211514,컴퓨터키오스크,4321151403,버스및차량정보안내장치,"버스및차량정보안내장치, 싸인텔레콤, ST-BIT-0406, 독립형",8158000,대,20260724,20260724,20270125,우수조달물품
20260727,002470164_103,7,25233043,주식회사 싸인텔레콤,주식회사 싸인텔레콤,중소기업,제3자단가계약,43211514,컴퓨터키오스크,4321151403,버스및차량정보안내장치,"버스및차량정보안내장치, 싸인텔레콤, ST-HS4X12S, 거치형",7151000,대,20260724,20260724,20270125,우수조달물품
20260727,002470164_103,8,25233044,주식회사 싸인텔레콤,주식회사 싸인텔레콤,중소기업,제3자단가계약,43211514,컴퓨터키오스크,4321151403,버스및차량정보안내장치,"버스및차량정보안내장치, 싸인텔레콤, ST-BIT-480414, 거치형",7365000,대,20260724,20260724,20270125,우수조달물품
20260727,002470164_103,9,25233045,주식회사 싸인텔레콤,주식회사 싸인텔레콤,중소기업,제3자단가계약,43211514,컴퓨터키오스크,4321151403,버스및차량정보안내장치,"버스및차량정보안내장치, 싸인텔레콤, ST-BIT-480414-01, 거치형",8921000,대,20260724,20260724,20270125,우수조달물품
20260805,0023C0107_103,1,23777412,주식회사광명테크,주식회사광명테크,중소기업,제3자단가계약,43211514,컴퓨터키오스크,4321151401,증명발급기,"증명발급기, 광명테크, G7, 통합민원발급기",7700000,대,20260805,20260805,20270630,"장애인기업제품, 특허, 소기업"
20260805,0023C0107_103,2,23813369,주식회사광명테크,주식회사광명테크,중소기업,제3자단가계약,43211514,컴퓨터키오스크,4321151401,증명발급기,"증명발급기, 광명테크, G7i, 통합민원발급기",7750000,대,20260805,20260805,20270630,"장애인기업제품, 특허, 소기업"
20260805,0023C0107_103,3,24359644,주식회사광명테크,주식회사광명테크,중소기업,제3자단가계약,43211514,컴퓨터키오스크,4321151401,증명발급기,"증명발급기, 광명테크, G10, 무인민원발급기/시청각장애인겸용",19800000,대,20260805,20260805,20270630,"장애인기업제품, 특허, 소기업"
20260805,0023C0107_103,4,24359645,주식회사광명테크,주식회사광명테크,중소기업,제3자단가계약,43211514,컴퓨터키오스크,4321151401,증명발급기,"증명발급기, 광명테크, G10s, 무인민원발급기/시청각장애인겸용/촉각모니터",24800000,대,20260805,20260805,20270630,"장애인기업제품, 특허, 소기업"
20260805,0023C0107_103,5,25962410,주식회사광명테크,주식회사광명테크,중소기업,제3자단가계약,43211514,컴퓨터키오스크,4321151401,증명발급기,"증명발급기, 광명테크, G12s, 통합무인발급기/시청각장애인 겸용/촉각모니터",26000000,대,20260805,20260805,20270630,"장애인기업제품, 특허, 소기업"
20260805,0023C0107_103,6,25962411,주식회사광명테크,주식회사광명테크,중소기업,제3자단가계약,43211514,컴퓨터키오스크,4321151401,증명발급기,"증명발급기, 광명테크, G12, 통합무인발급기/시청각장애인 겸용",21980000,대,20260805,20260805,20270630,"장애인기업제품, 특허, 소기업"
20260805,0023C0107_103,7,25713564,주식회사광명테크,주식회사광명테크,중소기업,제3자단가계약,43211514,컴퓨터키오스크,4321151401,증명발급기,"증명발급기, 광명테크, G10i, 무인민원발급기/시청각장애인겸용",21800000,대,20260805,20260805,20270630,"장애인기업제품, 특허, 소기업"
20260805,0023C0107_103,8,25713566,주식회사광명테크,주식회사광명테크,중소기업,제3자단가계약,43211514,컴퓨터키오스크,4321151401,증명발급기,"증명발급기, 광명테크, G10SL, 무인민원발급기/시청각장애인겸용/촉각모니터",24800000,대,20260805,20260805,20270630,"장애인기업제품, 특허, 소기업"
20260827,002260098_105,2,24414168,주식회사 앤로보틱스,주식회사 앤로보틱스,중소기업,제3자단가계약,43211514,컴퓨터키오스크,4321151401,증명발급기,"증명발급기, 앤로보틱스, CI-9000H, 무인민원발급기/시청각장애인겸용",18810000,대,20260827,20260827,20270630,
20260909,R25TA0024646403,1,24396429,"아이티고 주식회사 (ITGO Co., Ltd.)",아이티고 주식회사,중소기업,제3자단가계약,43211514,컴퓨터키오스크,4321151402,무인안내시스템,"무인안내시스템, 아이티고, SAFETOUCH(O)-55S2F, 옥외용비접촉키오스크",28440000,대,20260909,20260909,20271212,"우수조달물품, 창업기업제품, G-PASS기업, 소상공인, G-PASS기업(B등급)"
20260909,R25TA0024646403,2,23961332,"아이티고 주식회사 (ITGO Co., Ltd.)",아이티고 주식회사,중소기업,제3자단가계약,43211514,컴퓨터키오스크,4321151402,무인안내시스템,"무인안내시스템, 아이티고, SAFETOUCH(O)-46",27460000,대,20260909,20260909,20271212,"우수조달물품, 창업기업제품, G-PASS기업, 소상공인, G-PASS기업(B등급)"
20260909,R25TA0024646403,3,25559903,"아이티고 주식회사 (ITGO Co., Ltd.)","아이티고 주식회사 (ITGO Co., Ltd.)",중소기업,제3자단가계약,43211514,컴퓨터키오스크,4321151402,무인안내시스템,"무인안내시스템, 아이티고, SAFETOUCH(O)-55S2FC, 키오스크",32000000,대,20260909,20260909,20271212,"우수조달물품, 창업기업제품, G-PASS기업, 소상공인, G-PASS기업(B등급)"
20260909,R25TA0024646403,4,25937766,"아이티고 주식회사 (ITGO Co., Ltd.)","아이티고 주식회사 (ITGO Co., Ltd.)",중소기업,제3자단가계약,43211514,컴퓨터키오스크,4321151402,무인안내시스템,"무인안내시스템, 아이티고, SafeTouch(I)-46S2C, 비접촉터치키오스크/포토존",14000000,대,20260909,20260909,20271212,"우수조달물품, 창업기업제품, G-PASS기업, 소상공인, G-PASS기업(B등급)"
20260915,0023C0245_103,2,22764188,(주)본시스,(주)본시스,중소기업,제3자단가계약,43211514,컴퓨터키오스크,4321151401,증명발급기,"증명발급기, 본시스, BON-6000K, 통합민원발급기",6850000,대,20260915,20260915,20270630,"소기업, 가족친화인증기업"
20260915,0023C0245_103,3,25885679,(주)본시스,(주)본시스,중소기업,제3자단가계약,43211514,컴퓨터키오스크,4321151401,증명발급기,"증명발급기, 본시스, BON-7100S, 통합민원발급기",7860000,대,20260915,20260915,20270630,"특허, 소기업, 가족친화인증기업"
20260915,0023C0245_103,4,25965307,(주)본시스,(주)본시스,중소기업,제3자단가계약,43211514,컴퓨터키오스크,4321151401,증명발급기,"증명발급기, 본시스, BON-6100K, 통합민원발급기",6850000,대,20260915,20260915,20270630,"특허, 소기업, 가족친화인증기업"
